Source,Target,Type,Id,Label,timeset,Weight
helloyoon4,sbmptnfess,Undirected,0,,,34
helloyoon4,utbkfess,Undirected,1,,,21
helloyoon4,subschfess,Undirected,2,,,8
helloyoon4,tingkiwingki21,Undirected,3,,,1
helloyoon4,flssfp,Undirected,4,,,1
sbmptnfess,hopefullyperf,Undirected,5,,,6
sbmptnfess,zenius_oliv,Undirected,6,,,4
sbmptnfess,lizzypeachyy,Undirected,7,,,3
sbmptnfess,zenbyzaa,Undirected,8,,,3
sbmptnfess,ambisintenyukk,Undirected,9,,,3
sbmptnfess,notbeautybutidc,Undirected,10,,,2
sbmptnfess,nakskarunggoni,Undirected,11,,,2
sbmptnfess,amilyakautsar,Undirected,12,,,2
sbmptnfess,amsterdamlaf,Undirected,13,,,2
sbmptnfess,asdfghjklhftt,Undirected,14,,,2
sbmptnfess,awasakunbaru,Undirected,15,,,2
sbmptnfess,sonofthesunnnn,Undirected,16,,,2
sbmptnfess,gsukaayamgoreng,Undirected,17,,,2
sbmptnfess,rizasfy26,Undirected,18,,,2
sbmptnfess,bubos_nim,Undirected,19,,,2
sbmptnfess,aldiset02946261,Undirected,20,,,2
sbmptnfess,albanofinzo,Undirected,21,,,2
sbmptnfess,ponakanhagrid,Undirected,22,,,1
sbmptnfess,pdistira3,Undirected,23,,,1
sbmptnfess,pemudayouth,Undirected,24,,,1
sbmptnfess,mauuujadidokter,Undirected,25,,,1
sbmptnfess,pebiyjinnie,Undirected,26,,,1
sbmptnfess,pixiexstclilo_,Undirected,27,,,1
sbmptnfess,mariambisptkn,Undirected,28,,,1
sbmptnfess,rmomiyy,Undirected,29,,,1
sbmptnfess,riusuir_,Undirected,30,,,1
sbmptnfess,rigelarion,Undirected,31,,,1
sbmptnfess,rhsntaa,Undirected,32,,,1
sbmptnfess,robyhmz,Undirected,33,,,1
sbmptnfess,rruthieee,Undirected,34,,,1
sbmptnfess,roseetad,Undirected,35,,,1
sbmptnfess,rafisetiawanze1,Undirected,36,,,1
sbmptnfess,mamaselusin,Undirected,37,,,1
sbmptnfess,marciwiyi,Undirected,38,,,1
sbmptnfess,quayntrella,Undirected,39,,,1
sbmptnfess,qraece,Undirected,40,,,1
sbmptnfess,rainbowariess,Undirected,41,,,1
sbmptnfess,rainensky_,Undirected,42,,,1
sbmptnfess,rainytics,Undirected,43,,,1
sbmptnfess,rapinzeul,Undirected,44,,,1
sbmptnfess,myrrraaahhh,Undirected,45,,,1
sbmptnfess,muhammadrizaclr,Undirected,46,,,1
sbmptnfess,najaesungie,Undirected,47,,,1
sbmptnfess,najaeminiey,Undirected,48,,,1
sbmptnfess,mrs_okaka,Undirected,49,,,1
sbmptnfess,milkkeuteaa,Undirected,50,,,1
sbmptnfess,milkiestluv,Undirected,51,,,1
sbmptnfess,mrizwansy,Undirected,52,,,1
sbmptnfess,mochihihichi,Undirected,53,,,1
sbmptnfess,moaarmymidzyy,Undirected,54,,,1
sbmptnfess,natiapermanaa,Undirected,55,,,1
sbmptnfess,ntashiye,Undirected,56,,,1
sbmptnfess,pallzahf,Undirected,57,,,1
sbmptnfess,pachilleui,Undirected,58,,,1
sbmptnfess,pacarhaliday,Undirected,59,,,1
sbmptnfess,oseanight,Undirected,60,,,1
sbmptnfess,orimkhoirul23,Undirected,61,,,1
sbmptnfess,sadneusss,Undirected,62,,,1
sbmptnfess,nextarrcokelat,Undirected,63,,,1
sbmptnfess,newhopekila,Undirected,64,,,1
sbmptnfess,nevermindeuz,Undirected,65,,,1
sbmptnfess,ndnrilha,Undirected,66,,,1
sbmptnfess,mcflurrybubble,Undirected,67,,,1
sbmptnfess,nowsantuy,Undirected,68,,,1
sbmptnfess,me0wsh,Undirected,69,,,1
sbmptnfess,wierdify,Undirected,70,,,1
sbmptnfess,whociamesia,Undirected,71,,,1
sbmptnfess,wannabesnowman,Undirected,72,,,1
sbmptnfess,w0zzteria,Undirected,73,,,1
sbmptnfess,vickzz14,Undirected,74,,,1
sbmptnfess,xezens,Undirected,75,,,1
sbmptnfess,xeexawxeenx,Undirected,76,,,1
sbmptnfess,txtdarironil,Undirected,77,,,1
sbmptnfess,urrprecioustan,Undirected,78,,,1
sbmptnfess,user00282622728,Undirected,79,,,1
sbmptnfess,xunyize,Undirected,80,,,1
sbmptnfess,youniversean,Undirected,81,,,1
sbmptnfess,yoenny141,Undirected,82,,,1
sbmptnfess,yceagers,Undirected,83,,,1
sbmptnfess,zainumzahran,Undirected,84,,,1
sbmptnfess,yungnikiii,Undirected,85,,,1
sbmptnfess,skyxlily,Undirected,86,,,1
sbmptnfess,skyofjava,Undirected,87,,,1
sbmptnfess,skiesonyou,Undirected,88,,,1
sbmptnfess,siyfrnaaa,Undirected,89,,,1
sbmptnfess,simp4nb,Undirected,90,,,1
sbmptnfess,sstrnice,Undirected,91,,,1
sbmptnfess,ssophrosynee,Undirected,92,,,1
sbmptnfess,somethingsw33tt,Undirected,93,,,1
sbmptnfess,shiibbran,Undirected,94,,,1
sbmptnfess,sashsif,Undirected,95,,,1
sbmptnfess,sharon_zenius,Undirected,96,,,1
sbmptnfess,sftraaa,Undirected,97,,,1
sbmptnfess,sygarpl,Undirected,98,,,1
sbmptnfess,trashytribute,Undirected,99,,,1
sbmptnfess,thatsruffbuddy,Undirected,100,,,1
sbmptnfess,thesunwillbeam,Undirected,101,,,1
sbmptnfess,sweetydoughnut,Undirected,102,,,1
sbmptnfess,studiiy,Undirected,103,,,1
sbmptnfess,studiehart,Undirected,104,,,1
sbmptnfess,strawbeeried,Undirected,105,,,1
sbmptnfess,sweettaroo,Undirected,106,,,1
sbmptnfess,susujeruk1,Undirected,107,,,1
sbmptnfess,suckcietyy,Undirected,108,,,1
sbmptnfess,mabaygbukanmaba,Undirected,109,,,1
sbmptnfess,choppharo_,Undirected,110,,,1
sbmptnfess,chemissu,Undirected,111,,,1
sbmptnfess,chemicalphobyc,Undirected,112,,,1
sbmptnfess,charmingdrac0,Undirected,113,,,1
sbmptnfess,chalkyrie,Undirected,114,,,1
sbmptnfess,colourofskyyyyy,Undirected,115,,,1
sbmptnfess,browniefluffy,Undirected,116,,,1
sbmptnfess,byunpov,Undirected,117,,,1
sbmptnfess,fangrun1ns,Undirected,118,,,1
sbmptnfess,echanensiti22,Undirected,119,,,1
sbmptnfess,dudududuruddudu,Undirected,120,,,1
sbmptnfess,elprofessorr_,Undirected,121,,,1
sbmptnfess,estehpanasding1,Undirected,122,,,1
sbmptnfess,ereszone,Undirected,123,,,1
sbmptnfess,emnggr,Undirected,124,,,1
sbmptnfess,dreamnforward,Undirected,125,,,1
sbmptnfess,dreamislie_,Undirected,126,,,1
sbmptnfess,cruuciio,Undirected,127,,,1
sbmptnfess,crustaceaee,Undirected,128,,,1
sbmptnfess,crmlcrushh,Undirected,129,,,1
sbmptnfess,ditakim_,Undirected,130,,,1
sbmptnfess,akunperjuangani,Undirected,131,,,1
sbmptnfess,akunnyaaca,Undirected,132,,,1
sbmptnfess,anazureine,Undirected,133,,,1
sbmptnfess,anamambis22,Undirected,134,,,1
sbmptnfess,ambitiounman,Undirected,135,,,1
sbmptnfess,aagoyoga,Undirected,136,,,1
sbmptnfess,_nrlailaarh,Undirected,137,,,1
sbmptnfess,_lunar25_,Undirected,138,,,1
sbmptnfess,7orupiah,Undirected,139,,,1
sbmptnfess,2021jdmaba,Undirected,140,,,1
sbmptnfess,adyiaar,Undirected,141,,,1
sbmptnfess,abhin54112978,Undirected,142,,,1
sbmptnfess,adindadinduy,Undirected,143,,,1
sbmptnfess,angkel_mutu,Undirected,144,,,1
sbmptnfess,aniesbaswaras,Undirected,145,,,1
sbmptnfess,bebasdaritmnrl,Undirected,146,,,1
sbmptnfess,bocilbodo,Undirected,147,,,1
sbmptnfess,bluonyourm_,Undirected,148,,,1
sbmptnfess,bljr30mnit1hari,Undirected,149,,,1
sbmptnfess,blackmantaaa,Undirected,150,,,1
sbmptnfess,asliceofcheese2,Undirected,151,,,1
sbmptnfess,apriliaekadmynt,Undirected,152,,,1
sbmptnfess,audiiiee,Undirected,153,,,1
sbmptnfess,b1ntang0rion,Undirected,154,,,1
sbmptnfess,azibiasaaja,Undirected,155,,,1
sbmptnfess,awesomekyung4,Undirected,156,,,1
sbmptnfess,auliasa44996530,Undirected,157,,,1
sbmptnfess,jenojohayo,Undirected,158,,,1
sbmptnfess,kedelaiiii,Undirected,159,,,1
sbmptnfess,ke127an,Undirected,160,,,1
sbmptnfess,kdknandasanjaya,Undirected,161,,,1
sbmptnfess,kcokomi,Undirected,162,,,1
sbmptnfess,justcallmena_,Undirected,163,,,1
sbmptnfess,itsfalana_,Undirected,164,,,1
sbmptnfess,jekeywin,Undirected,165,,,1
sbmptnfess,jeeejeeejee,Undirected,166,,,1
sbmptnfess,jasminegetstud,Undirected,167,,,1
sbmptnfess,itzjaraaa,Undirected,168,,,1
sbmptnfess,jasmieennn,Undirected,169,,,1
sbmptnfess,itzyforitzy,Undirected,170,,,1
sbmptnfess,lifrief,Undirected,171,,,1
sbmptnfess,leviheijo,Undirected,172,,,1
sbmptnfess,leelovemark,Undirected,173,,,1
sbmptnfess,0rangsuccess,Undirected,174,,,1
sbmptnfess,lovemaze52,Undirected,175,,,1
sbmptnfess,lovelysa19,Undirected,176,,,1
sbmptnfess,lavalafyu,Undirected,177,,,1
sbmptnfess,lasfridaynightt,Undirected,178,,,1
sbmptnfess,kimsojungxne,Undirected,179,,,1
sbmptnfess,kittokatsuuu,Undirected,180,,,1
sbmptnfess,lagbitch,Undirected,181,,,1
sbmptnfess,godblesssmee,Undirected,182,,,1
sbmptnfess,gngrii_,Undirected,183,,,1
sbmptnfess,glamoroustudy,Undirected,184,,,1
sbmptnfess,gemblengjaja,Undirected,185,,,1
sbmptnfess,greymacaroon,Undirected,186,,,1
sbmptnfess,haechan6600_,Undirected,187,,,1
sbmptnfess,gyruscinguli_,Undirected,188,,,1
sbmptnfess,gangamata_,Undirected,189,,,1
sbmptnfess,fllwlees,Undirected,190,,,1
sbmptnfess,fixzyuu,Undirected,191,,,1
sbmptnfess,feelingpurplee,Undirected,192,,,1
sbmptnfess,fckinloveyou,Undirected,193,,,1
sbmptnfess,fathanfariza,Undirected,194,,,1
sbmptnfess,ganeetavv,Undirected,195,,,1
sbmptnfess,gabysatidur,Undirected,196,,,1
sbmptnfess,ftrr_yy,Undirected,197,,,1
sbmptnfess,ftievi,Undirected,198,,,1
sbmptnfess,frizzzzy,Undirected,199,,,1
sbmptnfess,fredrickbinsar,Undirected,200,,,1
sbmptnfess,hotshinramyeon,Undirected,201,,,1
sbmptnfess,igiboyeahh,Undirected,202,,,1
sbmptnfess,hangtyass,Undirected,203,,,1
sbmptnfess,hellianthusal,Undirected,204,,,1
sbmptnfess,heksadiena,Undirected,205,,,1
sbmptnfess,hayitanis,Undirected,206,,,1
sbmptnfess,harmouren,Undirected,207,,,1
sbmptnfess,hapekegigit,Undirected,208,,,1
sbmptnfess,hanifa_ep,Undirected,209,,,1
utbkfess,perempuanmuuuu,Undirected,210,,,1
utbkfess,rkhmdhifa,Undirected,211,,,1
utbkfess,rixskt,Undirected,212,,,1
utbkfess,renlilsecret,Undirected,213,,,1
utbkfess,renai_maka,Undirected,214,,,1
utbkfess,msputraaz,Undirected,215,,,1
utbkfess,nanazzztmlsn,Undirected,216,,,1
utbkfess,nanaappp,Undirected,217,,,1
utbkfess,oligarkei,Undirected,218,,,1
utbkfess,waeenyoeell,Undirected,219,,,1
utbkfess,twutwah,Undirected,220,,,1
utbkfess,xrytired,Undirected,221,,,1
utbkfess,zenius_oliv,Undirected,222,,,1
utbkfess,slytherxie,Undirected,223,,,1
utbkfess,saturnuszhra,Undirected,224,,,1
utbkfess,shcinji,Undirected,225,,,1
utbkfess,cewebaik_,Undirected,226,,,1
utbkfess,cimycatha,Undirected,227,,,1
utbkfess,catyow,Undirected,228,,,1
utbkfess,byeohlogee_,Undirected,229,,,1
utbkfess,canrelatte,Undirected,230,,,1
utbkfess,dewiles40958597,Undirected,231,,,1
utbkfess,amsterdamlaf,Undirected,232,,,1
utbkfess,ambistidurr,Undirected,233,,,1
utbkfess,beolkucing,Undirected,234,,,1
utbkfess,belajarhey,Undirected,235,,,1
utbkfess,jagathraya,Undirected,236,,,1
utbkfess,lightfu17,Undirected,237,,,1
utbkfess,lovelifeyea,Undirected,238,,,1
utbkfess,khalifakinayaa1,Undirected,239,,,1
utbkfess,h4dn1,Undirected,240,,,1
utbkfess,fyoduor,Undirected,241,,,1
byunpov,subschfess,Undirected,242,,,15
byunpov,schfess,Undirected,243,,,11
byunpov,convomf,Undirected,244,,,2
byunpov,gummst,Undirected,245,,,1
byunpov,cwangtip33,Undirected,246,,,1
byunpov,bucincimolll,Undirected,247,,,1
byunpov,billstudyy,Undirected,248,,,1
byunpov,aurellovee,Undirected,249,,,1
byunpov,alverailee,Undirected,250,,,1
byunpov,hiyifa,Undirected,251,,,1
byunpov,imgoingsollolo,Undirected,252,,,1
byunpov,kiciwsaurus,Undirected,253,,,1
byunpov,luccretia,Undirected,254,,,1
byunpov,wwirlddst,Undirected,255,,,1
byunpov,voriiel,Undirected,256,,,1
byunpov,vminenths,Undirected,257,,,1
byunpov,sweettaeev,Undirected,258,,,1
byunpov,starrjee,Undirected,259,,,1
byunpov,scaryxxna,Undirected,260,,,1
byunpov,reginastnteh,Undirected,261,,,1
byunpov,maublajar,Undirected,262,,,1
byunpov,lyoura04,Undirected,263,,,1
subschfess,hopefullyperf,Undirected,264,,,14
subschfess,zenius_oliv,Undirected,265,,,9
subschfess,keyystudies,Undirected,266,,,5
subschfess,zenbyzaa,Undirected,267,,,4
subschfess,atomhidrogen1,Undirected,268,,,3
subschfess,mitrabelajarmu,Undirected,269,,,3
subschfess,amsterdamlaf,Undirected,270,,,3
subschfess,ttttaacaa,Undirected,271,,,3
subschfess,nnaanaj,Undirected,272,,,2
subschfess,notge0n,Undirected,273,,,2
subschfess,yourcrush_babe,Undirected,274,,,2
subschfess,yantoyamazaki,Undirected,275,,,2
subschfess,mystruggle___,Undirected,276,,,2
subschfess,jenoseno,Undirected,277,,,2
subschfess,quip_zenshare,Undirected,278,,,2
subschfess,seetayz,Undirected,279,,,2
subschfess,ftievi,Undirected,280,,,2
subschfess,potongannf,Undirected,281,,,2
subschfess,thevirgogurl,Undirected,282,,,2
subschfess,pfmmipy,Undirected,283,,,2
subschfess,prieztoujours,Undirected,284,,,1
subschfess,martanetlue,Undirected,285,,,1
subschfess,pasukanambis,Undirected,286,,,1
subschfess,poortatoess,Undirected,287,,,1
subschfess,plzmau,Undirected,288,,,1
subschfess,pluviluv,Undirected,289,,,1
subschfess,plumpyhumpy,Undirected,290,,,1
subschfess,plstmnrljgnnemu,Undirected,291,,,1
subschfess,privateboba,Undirected,292,,,1
subschfess,princes54798837,Undirected,293,,,1
subschfess,peachtachioo,Undirected,294,,,1
subschfess,matchamaeleon,Undirected,295,,,1
subschfess,rillakuman,Undirected,296,,,1
subschfess,rhestudy,Undirected,297,,,1
subschfess,madamemoisse,Undirected,298,,,1
subschfess,retnymala,Undirected,299,,,1
subschfess,rumanizz,Undirected,300,,,1
subschfess,querencieaj,Undirected,301,,,1
subschfess,qonitaarda,Undirected,302,,,1
subschfess,pwtysntc,Undirected,303,,,1
subschfess,rahareuu,Undirected,304,,,1
subschfess,real____jjs,Undirected,305,,,1
subschfess,rakyatuwitter,Undirected,306,,,1
subschfess,mutiarutam131,Undirected,307,,,1
subschfess,menyinarimuuu,Undirected,308,,,1
subschfess,myogabhtr,Undirected,309,,,1
subschfess,nanas_malas,Undirected,310,,,1
subschfess,naif08916389,Undirected,311,,,1
subschfess,nafarezabc,Undirected,312,,,1
subschfess,na_jaemann0813,Undirected,313,,,1
subschfess,minicroffle,Undirected,314,,,1
subschfess,mingmingiess,Undirected,315,,,1
subschfess,mhhhrnnn,Undirected,316,,,1
subschfess,miliksanji,Undirected,317,,,1
subschfess,mowgyli,Undirected,318,,,1
subschfess,mbislie,Undirected,319,,,1
subschfess,okeuy12,Undirected,320,,,1
subschfess,orchxid,Undirected,321,,,1
subschfess,neverasktoborn,Undirected,322,,,1
subschfess,nawasenaa,Undirected,323,,,1
subschfess,medeeiia,Undirected,324,,,1
subschfess,notiogic,Undirected,325,,,1
subschfess,nolivepeople,Undirected,326,,,1
subschfess,watanabehera,Undirected,327,,,1
subschfess,wajibngambisbgt,Undirected,328,,,1
subschfess,voile27,Undirected,329,,,1
subschfess,vinmoriarty,Undirected,330,,,1
subschfess,xsoarcist,Undirected,331,,,1
subschfess,xryqzaa,Undirected,332,,,1
subschfess,xrrava,Undirected,333,,,1
subschfess,vermmouht,Undirected,334,,,1
subschfess,vasyaksm,Undirected,335,,,1
subschfess,sahrra00,Undirected,336,,,1
subschfess,zoastudy,Undirected,337,,,1
subschfess,yonkcheese,Undirected,338,,,1
subschfess,xyzstdy,Undirected,339,,,1
subschfess,zeeuze,Undirected,340,,,1
subschfess,siriuuvs,Undirected,341,,,1
subschfess,siodys,Undirected,342,,,1
subschfess,singkitdiary,Undirected,343,,,1
subschfess,silverqueern,Undirected,344,,,1
subschfess,tsavahna,Undirected,345,,,1
subschfess,sss_aeri,Undirected,346,,,1
subschfess,spajabole,Undirected,347,,,1
subschfess,soontobegamada,Undirected,348,,,1
subschfess,schh22,Undirected,349,,,1
subschfess,satpam_kmplk,Undirected,350,,,1
subschfess,salm00wnz,Undirected,351,,,1
subschfess,serenadefor_2,Undirected,352,,,1
subschfess,semangattbljr22,Undirected,353,,,1
subschfess,sedikidnormal,Undirected,354,,,1
subschfess,tatahhaha,Undirected,355,,,1
subschfess,tanfullsun,Undirected,356,,,1
subschfess,syawalyani,Undirected,357,,,1
subschfess,stinkyiss,Undirected,358,,,1
subschfess,stfux13,Undirected,359,,,1
subschfess,starlight_ok,Undirected,360,,,1
subschfess,sushienaktauu,Undirected,361,,,1
subschfess,studywithsa,Undirected,362,,,1
subschfess,chemphysicsuck,Undirected,363,,,1
subschfess,cfcboks,Undirected,364,,,1
subschfess,cemangatyu,Undirected,365,,,1
subschfess,cinambis,Undirected,366,,,1
subschfess,clownhater0,Undirected,367,,,1
subschfess,clorophhyl,Undirected,368,,,1
subschfess,cleyopatttra,Undirected,369,,,1
subschfess,clevereonjwin,Undirected,370,,,1
subschfess,cleolearn,Undirected,371,,,1
subschfess,claudeloey,Undirected,372,,,1
subschfess,clarvrisa,Undirected,373,,,1
subschfess,cccloudyjeon,Undirected,374,,,1
subschfess,bumbubucin,Undirected,375,,,1
subschfess,btcshsopps,Undirected,376,,,1
subschfess,callmekelee,Undirected,377,,,1
subschfess,caffeinewin,Undirected,378,,,1
subschfess,caandyyliciouss,Undirected,379,,,1
subschfess,crackyclouds,Undirected,380,,,1
subschfess,ekonomiui,Undirected,381,,,1
subschfess,ehapayabingung,Undirected,382,,,1
subschfess,economixyz,Undirected,383,,,1
subschfess,est_studacc,Undirected,384,,,1
subschfess,deellyyn_,Undirected,385,,,1
subschfess,deasanasya,Undirected,386,,,1
subschfess,daveesjar,Undirected,387,,,1
subschfess,cutieb00n,Undirected,388,,,1
subschfess,delapus11539704,Undirected,389,,,1
subschfess,ambisfebui2022,Undirected,390,,,1
subschfess,amazinkkkppl,Undirected,391,,,1
subschfess,am0yie,Undirected,392,,,1
subschfess,ambisss1,Undirected,393,,,1
subschfess,aiseeeya,Undirected,394,,,1
subschfess,1975nk,Undirected,395,,,1
subschfess,bcsyoucan,Undirected,396,,,1
subschfess,bandottp,Undirected,397,,,1
subschfess,banannauyu,Undirected,398,,,1
subschfess,balsemgoreng,Undirected,399,,,1
subschfess,bjyxxxxx20,Undirected,400,,,1
subschfess,badp3ople,Undirected,401,,,1
subschfess,atlantijs,Undirected,402,,,1
subschfess,aresvvv,Undirected,403,,,1
subschfess,fancykiddos,Undirected,404,,,1
subschfess,jjapchaee,Undirected,405,,,1
subschfess,jjaooi,Undirected,406,,,1
subschfess,jihanbelva,Undirected,407,,,1
subschfess,jualanmurcee,Undirected,408,,,1
subschfess,junepiyaw,Undirected,409,,,1
subschfess,kdoydoyi,Undirected,410,,,1
subschfess,katakmengeong,Undirected,411,,,1
subschfess,k_wono1,Undirected,412,,,1
subschfess,itsmechelllllll,Undirected,413,,,1
subschfess,itsjssiidh,Undirected,414,,,1
subschfess,insyaallahambis,Undirected,415,,,1
subschfess,inikayeshaa,Undirected,416,,,1
subschfess,jcoodonut,Undirected,417,,,1
subschfess,farihmuwaffaq,Undirected,418,,,1
subschfess,liltrasshy,Undirected,419,,,1
subschfess,leohyuck,Undirected,420,,,1
subschfess,luvvuuuuu,Undirected,421,,,1
subschfess,khongguanmerah,Undirected,422,,,1
subschfess,khalifakinayaa1,Undirected,423,,,1
subschfess,kryangkedua,Undirected,424,,,1
subschfess,greenteahazelnt,Undirected,425,,,1
subschfess,glitterjk_,Undirected,426,,,1
subschfess,glamoroustudy,Undirected,427,,,1
subschfess,gimmethestars,Undirected,428,,,1
subschfess,geprekimpor,Undirected,429,,,1
subschfess,habbitsread,Undirected,430,,,1
subschfess,gyuravity,Undirected,431,,,1
subschfess,gutkkie,Undirected,432,,,1
subschfess,gtwsypp,Undirected,433,,,1
subschfess,flyngmoon1,Undirected,434,,,1
subschfess,fyoduor,Undirected,435,,,1
subschfess,forsilkstar,Undirected,436,,,1
subschfess,hotiecutiee,Undirected,437,,,1
subschfess,hoshucark,Undirected,438,,,1
subschfess,imdoinothing,Undirected,439,,,1
subschfess,illusionnary,Undirected,440,,,1
subschfess,ichinisanvier,Undirected,441,,,1
subschfess,iamfishtime,Undirected,442,,,1
subschfess,huffleloves,Undirected,443,,,1
subschfess,hee_3000,Undirected,444,,,1
subschfess,hanqyulgf,Undirected,445,,,1
subschfess,hisspiyaya,Undirected,446,,,1
hopefullyperf,schfess,Undirected,447,,,8
hopefullyperf,httpstudie,Undirected,448,,,1
hopefullyperf,your2rl,Undirected,449,,,1
hopefullyperf,urielflames,Undirected,450,,,1
hopefullyperf,troismotsvides,Undirected,451,,,1
hopefullyperf,syifakyung,Undirected,452,,,1
hopefullyperf,sygfess,Undirected,453,,,1
hopefullyperf,swooryx,Undirected,454,,,1
hopefullyperf,suholee1111,Undirected,455,,,1
hopefullyperf,student_fess,Undirected,456,,,1
hopefullyperf,skamletoy,Undirected,457,,,1
hopefullyperf,sarprogress,Undirected,458,,,1
hopefullyperf,renjungopay,Undirected,459,,,1
hopefullyperf,ofeverythingg,Undirected,460,,,1
hopefullyperf,oemjiasca,Undirected,461,,,1
hopefullyperf,nomineuy,Undirected,462,,,1
hopefullyperf,mhelmyahya,Undirected,463,,,1
hopefullyperf,mayierreen,Undirected,464,,,1
hopefullyperf,marsstdy,Undirected,465,,,1
hopefullyperf,maisyaphnn,Undirected,466,,,1
hopefullyperf,liviamaubelajar,Undirected,467,,,1
hopefullyperf,larismanies,Undirected,468,,,1
hopefullyperf,kwrdus,Undirected,469,,,1
hopefullyperf,jeanartss,Undirected,470,,,1
hopefullyperf,jcxyle,Undirected,471,,,1
hopefullyperf,imgoingsollolo,Undirected,472,,,1
hopefullyperf,i2jongu,Undirected,473,,,1
hopefullyperf,giornogiiovanna,Undirected,474,,,1
hopefullyperf,fkmsoon,Undirected,475,,,1
hopefullyperf,diterimafkui,Undirected,476,,,1
hopefullyperf,convomf,Undirected,477,,,1
hopefullyperf,cnswoo,Undirected,478,,,1
hopefullyperf,classicaall,Undirected,479,,,1
hopefullyperf,caxbin,Undirected,480,,,1
hopefullyperf,busifess,Undirected,481,,,1
hopefullyperf,bothroses,Undirected,482,,,1
hopefullyperf,aurellovee,Undirected,483,,,1
hopefullyperf,ambis_yukkk32,Undirected,484,,,1
hopefullyperf,airplaneboost9,Undirected,485,,,1
hopefullyperf,acahikun,Undirected,486,,,1
hopefullyperf,__ther3sa,Undirected,487,,,1
hopefullyperf,1r481n,Undirected,488,,,1
schfess,lizzypeachyy,Undirected,489,,,10
schfess,zeniusambis,Undirected,490,,,8
schfess,zenius_oliv,Undirected,491,,,7
schfess,maillov_,Undirected,492,,,5
schfess,pfmmipy,Undirected,493,,,4
schfess,hujkwqe83dja,Undirected,494,,,3
schfess,gustity1,Undirected,495,,,3
schfess,amsterdamlaf,Undirected,496,,,3
schfess,ftievi,Undirected,497,,,3
schfess,vaquola,Undirected,498,,,2
schfess,numayyyyyy,Undirected,499,,,2
schfess,jedd0ngie,Undirected,500,,,2
schfess,naxxyra,Undirected,501,,,2
schfess,mitrabelajarmu,Undirected,502,,,2
schfess,keyystudies,Undirected,503,,,2
schfess,xexostar,Undirected,504,,,2
schfess,inianissaa,Undirected,505,,,2
schfess,sobbingbcsoobin,Undirected,506,,,2
schfess,quip_zenshare,Undirected,507,,,2
schfess,shatrawberry,Undirected,508,,,2
schfess,fyoduor,Undirected,509,,,2
schfess,premiumappbysay,Undirected,510,,,2
schfess,potongannf,Undirected,511,,,2
schfess,midosalsapfm_,Undirected,512,,,2
schfess,perkdels,Undirected,513,,,2
schfess,hilycious,Undirected,514,,,2
schfess,sukajaehyunss,Undirected,515,,,2
schfess,stylsdntfvl,Undirected,516,,,2
schfess,stuudiv,Undirected,517,,,2
schfess,piwchicks,Undirected,518,,,2
schfess,hmpneumothorax,Undirected,519,,,2
schfess,1975nk,Undirected,520,,,2
schfess,madamemoisse,Undirected,521,,,2
schfess,zenbyzaa,Undirected,522,,,2
schfess,zenambis,Undirected,523,,,2
schfess,88milyarr,Undirected,524,,,2
schfess,mantappugirl,Undirected,525,,,2
schfess,zeniusssss,Undirected,526,,,2
schfess,__pramudya,Undirected,527,,,2
schfess,preci0usin,Undirected,528,,,1
schfess,paw_pawmeong,Undirected,529,,,1
schfess,maxsimusfloren,Undirected,530,,,1
schfess,pulchraeaaxxi,Undirected,531,,,1
schfess,psikolofi,Undirected,532,,,1
schfess,princes54798837,Undirected,533,,,1
schfess,pjmrawrr,Undirected,534,,,1
schfess,pfmbahagia,Undirected,535,,,1
schfess,petzoldzzz,Undirected,536,,,1
schfess,peacebeuponn,Undirected,537,,,1
schfess,pejuanggkuliah,Undirected,538,,,1
schfess,mauuaungambis,Undirected,539,,,1
schfess,peachymochaa,Undirected,540,,,1
schfess,pixieeeest,Undirected,541,,,1
schfess,matchamaeleon,Undirected,542,,,1
schfess,pinginjulid,Undirected,543,,,1
schfess,pikarosiawati,Undirected,544,,,1
schfess,pharmacidst,Undirected,545,,,1
schfess,pcrnanamikento,Undirected,546,,,1
schfess,pfmstudy,Undirected,547,,,1
schfess,pweasev,Undirected,548,,,1
schfess,rllazzz,Undirected,549,,,1
schfess,rillakuman,Undirected,550,,,1
schfess,rilexnchillin,Undirected,551,,,1
schfess,rigelarion,Undirected,552,,,1
schfess,mabokwonwoo,Undirected,553,,,1
schfess,rrenjunh,Undirected,554,,,1
schfess,rr4nd0mm,Undirected,555,,,1
schfess,romeobogeng,Undirected,556,,,1
schfess,renataagustin17,Undirected,557,,,1
schfess,pyovn,Undirected,558,,,1
schfess,rawrrchio,Undirected,559,,,1
schfess,ratutorojoyo,Undirected,560,,,1
schfess,rapinzeul,Undirected,561,,,1
schfess,mystruggle___,Undirected,562,,,1
schfess,myeonchive,Undirected,563,,,1
schfess,merciaurevoi,Undirected,564,,,1
schfess,merdepluie,Undirected,565,,,1
schfess,nantikepikiran,Undirected,566,,,1
schfess,memeeou,Undirected,567,,,1
schfess,nadshevi,Undirected,568,,,1
schfess,minnnnnhoo,Undirected,569,,,1
schfess,minjyvers,Undirected,570,,,1
schfess,minhyunglee283,Undirected,571,,,1
schfess,minexeulate,Undirected,572,,,1
schfess,miloray6,Undirected,573,,,1
schfess,mitharmn_,Undirected,574,,,1
schfess,mersieo,Undirected,575,,,1
schfess,mrizkifebriann,Undirected,576,,,1
schfess,moonliqght1,Undirected,577,,,1
schfess,monjicorp,Undirected,578,,,1
schfess,meyskezz,Undirected,579,,,1
schfess,mmeillen,Undirected,580,,,1
schfess,mlieat,Undirected,581,,,1
schfess,ominotme,Undirected,582,,,1
schfess,okgurlzs,Undirected,583,,,1
schfess,padukachanyeol,Undirected,584,,,1
schfess,mbawangg,Undirected,585,,,1
schfess,newhopekila,Undirected,586,,,1
schfess,nevermindeuz,Undirected,587,,,1
schfess,mekdiiioreo,Undirected,588,,,1
schfess,neupuz,Undirected,589,,,1
schfess,nestleysya,Undirected,590,,,1
schfess,ndatawlah,Undirected,591,,,1
schfess,naufalaal_,Undirected,592,,,1
schfess,notconnectioonn,Undirected,593,,,1
schfess,noecharm,Undirected,594,,,1
schfess,sahrra00,Undirected,595,,,1
schfess,who_realizes,Undirected,596,,,1
schfess,whish3s,Undirected,597,,,1
schfess,wantitsobad,Undirected,598,,,1
schfess,vitamiiinc_,Undirected,599,,,1
schfess,xo_fa_xo,Undirected,600,,,1
schfess,xnysaz,Undirected,601,,,1
schfess,xkylz_dll,Undirected,602,,,1
schfess,xaracryst,Undirected,603,,,1
schfess,winztersoldier,Undirected,604,,,1
schfess,wintervkooo,Undirected,605,,,1
schfess,urheartbreakx,Undirected,606,,,1
schfess,urfavshuman,Undirected,607,,,1
schfess,urbebl0uffee,Undirected,608,,,1
schfess,ulululluu,Undirected,609,,,1
schfess,ucancallmeyunn,Undirected,610,,,1
schfess,ucaaaaay,Undirected,611,,,1
schfess,uburuburuu,Undirected,612,,,1
schfess,tweetscognito,Undirected,613,,,1
schfess,venusblaack,Undirected,614,,,1
schfess,vazlae,Undirected,615,,,1
schfess,vasyaksm,Undirected,616,,,1
schfess,zrtnj,Undirected,617,,,1
schfess,zonaeaj,Undirected,618,,,1
schfess,zerotohiros,Undirected,619,,,1
schfess,yorobunzen,Undirected,620,,,1
schfess,yoooambiss,Undirected,621,,,1
schfess,ynamsaeng,Undirected,622,,,1
schfess,yellingoutt,Undirected,623,,,1
schfess,yantoyamazaki,Undirected,624,,,1
schfess,yaaainisiapa,Undirected,625,,,1
schfess,yournaddy,Undirected,626,,,1
schfess,yoursiriusss,Undirected,627,,,1
schfess,yoursunnshine_,Undirected,628,,,1
schfess,zarschev,Undirected,629,,,1
schfess,yyours_s,Undirected,630,,,1
schfess,yukbisasemangat,Undirected,631,,,1
schfess,tubatu_addicted,Undirected,632,,,1
schfess,shotarozaki,Undirected,633,,,1
schfess,sstudyaddict,Undirected,634,,,1
schfess,sss_aeri,Undirected,635,,,1
schfess,sriwijaya_bsnjo,Undirected,636,,,1
schfess,squisholic_,Undirected,637,,,1
schfess,sparklingbub,Undirected,638,,,1
schfess,spacdust,Undirected,639,,,1
schfess,soodam_husband,Undirected,640,,,1
schfess,solehabknsolime,Undirected,641,,,1
schfess,sbuxrecipe,Undirected,642,,,1
schfess,sasastudy,Undirected,643,,,1
schfess,salturnuss,Undirected,644,,,1
schfess,salmastruggle,Undirected,645,,,1
schfess,sharon_zenius,Undirected,646,,,1
schfess,seputartopik,Undirected,647,,,1
schfess,senseodie,Undirected,648,,,1
schfess,semestajenuh,Undirected,649,,,1
schfess,semangatinakuw,Undirected,650,,,1
schfess,sehunnshinee,Undirected,651,,,1
schfess,sedikidnormal,Undirected,652,,,1
schfess,stabesson,Undirected,653,,,1
schfess,tetesown,Undirected,654,,,1
schfess,tesatesatesaa,Undirected,655,,,1
schfess,tenriyyy_,Undirected,656,,,1
schfess,teafunnygeez,Undirected,657,,,1
schfess,tetsuuuuuw,Undirected,658,,,1
schfess,tomioxa,Undirected,659,,,1
schfess,tolonksaltyinaq,Undirected,660,,,1
schfess,todayis_eyen,Undirected,661,,,1
schfess,todayis_chaaa,Undirected,662,,,1
schfess,tikusblonde,Undirected,663,,,1
schfess,tidakbolehmalas,Undirected,664,,,1
schfess,therebahan,Undirected,665,,,1
schfess,theqids,Undirected,666,,,1
schfess,theodore_rjndr,Undirected,667,,,1
schfess,sweetzjunhui,Undirected,668,,,1
schfess,studyayle,Undirected,669,,,1
schfess,studyasfuck,Undirected,670,,,1
schfess,studstudiee,Undirected,671,,,1
schfess,studiberries,Undirected,672,,,1
schfess,studaccanggi,Undirected,673,,,1
schfess,strippyn,Undirected,674,,,1
schfess,starsshineee,Undirected,675,,,1
schfess,sweetberrly,Undirected,676,,,1
schfess,supercuriouss,Undirected,677,,,1
schfess,sunnymoondaay,Undirected,678,,,1
schfess,sugasecretary,Undirected,679,,,1
schfess,stupid_medstud,Undirected,680,,,1
schfess,studyyeay,Undirected,681,,,1
schfess,lya_jpark,Undirected,682,,,1
schfess,chymmynie,Undirected,683,,,1
schfess,choxco,Undirected,684,,,1
schfess,chewmist,Undirected,685,,,1
schfess,chemiseutry,Undirected,686,,,1
schfess,chelsstudy,Undirected,687,,,1
schfess,cciwworr,Undirected,688,,,1
schfess,coelenterataa,Undirected,689,,,1
schfess,cloudissie,Undirected,690,,,1
schfess,cleyopatttra,Undirected,691,,,1
schfess,cingkiya,Undirected,692,,,1
schfess,ccermide,Undirected,693,,,1
schfess,bukanjinqorin,Undirected,694,,,1
schfess,budikur87744640,Undirected,695,,,1
schfess,bucinsungjin_,Undirected,696,,,1
schfess,cactusoi,Undirected,697,,,1
schfess,canwehvebutter,Undirected,698,,,1
schfess,canisminorids,Undirected,699,,,1
schfess,camillaallif,Undirected,700,,,1
schfess,ekacans__,Undirected,701,,,1
schfess,eileithsia,Undirected,702,,,1
schfess,egkjlsinisp,Undirected,703,,,1
schfess,echonomically,Undirected,704,,,1
schfess,e_markeu,Undirected,705,,,1
schfess,dwiarts,Undirected,706,,,1
schfess,dukunsanted,Undirected,707,,,1
schfess,dsweetpromises,Undirected,708,,,1
schfess,elysianbounds,Undirected,709,,,1
schfess,faazaaxx,Undirected,710,,,1
schfess,euvoria_,Undirected,711,,,1
schfess,etherealhc_,Undirected,712,,,1
schfess,ddoraex,Undirected,713,,,1
schfess,dankematian,Undirected,714,,,1
schfess,culameetan,Undirected,715,,,1
schfess,crystaliese,Undirected,716,,,1
schfess,doyiieekim,Undirected,717,,,1
schfess,doounnn_,Undirected,718,,,1
schfess,dooty1016,Undirected,719,,,1
schfess,djx_dejuna,Undirected,720,,,1
schfess,diveinkyoto,Undirected,721,,,1
schfess,deskiafp,Undirected,722,,,1
schfess,dipmintae,Undirected,723,,,1
schfess,didodiei,Undirected,724,,,1
schfess,detavyx,Undirected,725,,,1
schfess,boncabeteri,Undirected,726,,,1
schfess,alyeolmae,Undirected,727,,,1
schfess,alonevrydy,Undirected,728,,,1
schfess,allyaazara,Undirected,729,,,1
schfess,alluireme,Undirected,730,,,1
schfess,akuambisswoyyy,Undirected,731,,,1
schfess,anazureine,Undirected,732,,,1
schfess,amortenntia,Undirected,733,,,1
schfess,amersyu_,Undirected,734,,,1
schfess,ambispgnfk,Undirected,735,,,1
schfess,____meenn,Undirected,736,,,1
schfess,90schan_,Undirected,737,,,1
schfess,2022camaba,Undirected,738,,,1
schfess,1navihd,Undirected,739,,,1
schfess,abccccika,Undirected,740,,,1
schfess,abcdreaam,Undirected,741,,,1
schfess,agracelly,Undirected,742,,,1
schfess,addicttophysics,Undirected,743,,,1
schfess,adaajeyekan,Undirected,744,,,1
schfess,anightthinker_,Undirected,745,,,1
schfess,biancallysta_,Undirected,746,,,1
schfess,bbstrawberry25,Undirected,747,,,1
schfess,biiruuuuu,Undirected,748,,,1
schfess,bobarlgrs,Undirected,749,,,1
schfess,bluelowsh,Undirected,750,,,1
schfess,blueewyy,Undirected,751,,,1
schfess,bljr30mnit1hari,Undirected,752,,,1
schfess,bismillahbisaye,Undirected,753,,,1
schfess,baealiel,Undirected,754,,,1
schfess,asheillette,Undirected,755,,,1
schfess,arshjch,Undirected,756,,,1
schfess,arloaddict,Undirected,757,,,1
schfess,aresvvv,Undirected,758,,,1
schfess,apalo_cari2gw,Undirected,759,,,1
schfess,badp3ople,Undirected,760,,,1
schfess,ayosmgtt,Undirected,761,,,1
schfess,awngantukbanget,Undirected,762,,,1
schfess,awcitrun,Undirected,763,,,1
schfess,junepiyaw,Undirected,764,,,1
schfess,jjkslof,Undirected,765,,,1
schfess,jjhnayy,Undirected,766,,,1
schfess,jinsuyya,Undirected,767,,,1
schfess,jichanxm,Undirected,768,,,1
schfess,jesstjakep,Undirected,769,,,1
schfess,jesjeurs,Undirected,770,,,1
schfess,kerjarhodey,Undirected,771,,,1
schfess,kecoayeppo,Undirected,772,,,1
schfess,kangambisd,Undirected,773,,,1
schfess,kamobelajar,Undirected,774,,,1
schfess,junggjaejhyun,Undirected,775,,,1
schfess,jennstudy,Undirected,776,,,1
schfess,itsaeril,Undirected,777,,,1
schfess,istrikmdirumah,Undirected,778,,,1
schfess,inumakitogel,Undirected,779,,,1
schfess,iniprastyi,Undirected,780,,,1
schfess,indomiejpg,Undirected,781,,,1
schfess,jejejesiee_,Undirected,782,,,1
schfess,jdsmee23,Undirected,783,,,1
schfess,jakqesim,Undirected,784,,,1
schfess,iucreciamh,Undirected,785,,,1
schfess,livsaja,Undirected,786,,,1
schfess,lionhazelj,Undirected,787,,,1
schfess,lightfu17,Undirected,788,,,1
schfess,letskol,Undirected,789,,,1
schfess,legingmanohara,Undirected,790,,,1
schfess,lizzienoire,Undirected,791,,,1
schfess,luvieaes,Undirected,792,,,1
schfess,luthfeeyaz,Undirected,793,,,1
schfess,luckvoita,Undirected,794,,,1
schfess,loeydude,Undirected,795,,,1
schfess,lmansa3,Undirected,796,,,1
schfess,lkwrdh_,Undirected,797,,,1
schfess,lancarluncurr,Undirected,798,,,1
schfess,kinanttan,Undirected,799,,,1
schfess,kimdoieily,Undirected,800,,,1
schfess,kimcheeesy,Undirected,801,,,1
schfess,khonsanailahr,Undirected,802,,,1
schfess,keutychia,Undirected,803,,,1
schfess,lalastudyy,Undirected,804,,,1
schfess,lalamayla_,Undirected,805,,,1
schfess,lagihbelajar,Undirected,806,,,1
schfess,ladadidaladida1,Undirected,807,,,1
schfess,lacibollalaa,Undirected,808,,,1
schfess,kyuutiies,Undirected,809,,,1
schfess,kyungbunnyy,Undirected,810,,,1
schfess,klandastine,Undirected,811,,,1
schfess,kuyangexpress,Undirected,812,,,1
schfess,kuntoanjrit,Undirected,813,,,1
schfess,imkhsnh,Undirected,814,,,1
schfess,googiebulet,Undirected,815,,,1
schfess,goenawan_dedi,Undirected,816,,,1
schfess,glinteayeah,Undirected,817,,,1
schfess,gkprnhmnggvaway,Undirected,818,,,1
schfess,gembilgembulcom,Undirected,819,,,1
schfess,geezrekk,Undirected,820,,,1
schfess,geezmarklee,Undirected,821,,,1
schfess,gbrl_pm,Undirected,822,,,1
schfess,garistanpabawah,Undirected,823,,,1
schfess,haiiwaizumi,Undirected,824,,,1
schfess,haedonggeuri,Undirected,825,,,1
schfess,guepemilikakun,Undirected,826,,,1
schfess,fogbround,Undirected,827,,,1
schfess,flymejk,Undirected,828,,,1
schfess,fluffyyriki,Undirected,829,,,1
schfess,floreaaa_ft,Undirected,830,,,1
schfess,fiyyrlsst,Undirected,831,,,1
schfess,fitraygaksih,Undirected,832,,,1
schfess,feeeysa,Undirected,833,,,1
schfess,fckinshtsboi,Undirected,834,,,1
schfess,galvanicells,Undirected,835,,,1
schfess,gadis_azalia,Undirected,836,,,1
schfess,fylaworld,Undirected,837,,,1
schfess,fujoshijati,Undirected,838,,,1
schfess,halusinasiberat,Undirected,839,,,1
schfess,hourmoonrn,Undirected,840,,,1
schfess,hramadaaan,Undirected,841,,,1
schfess,illusionnary,Undirected,842,,,1
schfess,ilhinsibibiybiy,Undirected,843,,,1
schfess,ikarahmawati___,Undirected,844,,,1
schfess,i_washuman,Undirected,845,,,1
schfess,hyejesaaa,Undirected,846,,,1
schfess,hii_ishxyyy,Undirected,847,,,1
schfess,hi_andrii,Undirected,848,,,1
schfess,helloelf_,Undirected,849,,,1
schfess,harugracee,Undirected,850,,,1
schfess,hanjisss,Undirected,851,,,1
schfess,homerunballcola,Undirected,852,,,1
schfess,hisammula,Undirected,853,,,1
schfess,hipokritx,Undirected,854,,,1
zenius_oliv,fatresiahelena,Undirected,855,,,2
zenius_oliv,lachie_nae,Undirected,856,,,1
zenius_oliv,almondmilkies,Undirected,857,,,2
zenius_oliv,gapyearfess,Undirected,858,,,2
zenius_oliv,lilsunschenle,Undirected,859,,,2
zenius_oliv,sabilarrrr,Undirected,860,,,1
zenius_oliv,nabilagf,Undirected,861,,,1
zenius_oliv,mbisambis,Undirected,862,,,1
zenius_oliv,uknwmeright,Undirected,863,,,1
zenius_oliv,vanillaltte22,Undirected,864,,,1
zenius_oliv,pinksiyong,Undirected,865,,,1
zenius_oliv,oaseyama,Undirected,866,,,1
zenius_oliv,niceniecesix,Undirected,867,,,1
zenius_oliv,mlnsunglix,Undirected,868,,,1
zenius_oliv,memeykarta,Undirected,869,,,1
zenius_oliv,loveliveletter,Undirected,870,,,1
zenius_oliv,jiwvookim,Undirected,871,,,1
zenius_oliv,jinsuyya,Undirected,872,,,1
zenius_oliv,ivnjno,Undirected,873,,,1
zenius_oliv,hiraelix,Undirected,874,,,1
zenius_oliv,edweils,Undirected,875,,,1
zenius_oliv,chanseonga,Undirected,876,,,1
zenius_oliv,cerdaspeople,Undirected,877,,,1
zenius_oliv,bubleclo,Undirected,878,,,1
zenius_oliv,bertanyarl,Undirected,879,,,1
zenius_oliv,ayangiesicheng,Undirected,880,,,1
zenius_oliv,amazinhg,Undirected,881,,,1
zenius_oliv,orch____id,Undirected,882,,,1
zenius_oliv,princssjennie,Undirected,883,,,1
zenius_oliv,renbigwin,Undirected,884,,,1
zenius_oliv,tingkiwingki21,Undirected,885,,,1
zenius_oliv,studyize,Undirected,886,,,1
zenius_oliv,smkfess,Undirected,887,,,1
zenius_oliv,shourtcakee,Undirected,888,,,1
zenius_oliv,sha59964370,Undirected,889,,,1
zenius_oliv,yesikapesetah,Undirected,890,,,1
zenius_oliv,sunscentsp,Undirected,891,,,1
zenius_oliv,chrssss_,Undirected,892,,,1
zenius_oliv,dhiapakeh,Undirected,893,,,1
zenius_oliv,itsphysics_,Undirected,894,,,1
zenius_oliv,lovelifeyea,Undirected,895,,,1
zenius_oliv,gliserole,Undirected,896,,,1
zenius_oliv,hajaengwoo,Undirected,897,,,1
zenius_oliv,howboutcins,Undirected,898,,,1
gabriux1,dinges_zenius,Undirected,899,,,9
zeniusambis,mbisambis,Undirected,900,,,1
zeniusambis,littleewolffs,Undirected,901,,,1
zeniusambis,kochenkie,Undirected,902,,,1
zeniusambis,keaybi,Undirected,903,,,1
zeniusambis,caluvstud,Undirected,904,,,1
zeniusambis,cellacakes_,Undirected,905,,,1
keyystudies,matchaawa,Undirected,906,,,1
keyystudies,lawcobaambis,Undirected,907,,,1
keyystudies,itsmechelllllll,Undirected,908,,,1
keyystudies,farambiss,Undirected,909,,,1
keyystudies,dyieren,Undirected,910,,,1
keyystudies,ambisfs,Undirected,911,,,1
keyystudies,adndnrd,Undirected,912,,,1
keyystudies,gitaputriastari,Undirected,913,,,1
maillov_,yvoonmi,Undirected,914,,,1
zenbyzaa,unsoedfess1963,Undirected,915,,,1
zenbyzaa,matchaawa,Undirected,916,,,1
zenbyzaa,ambisstudd,Undirected,917,,,1
zenbyzaa,ambisfs,Undirected,918,,,1
pfmmipy,kamoomile,Undirected,919,,,1
pfmmipy,abcdheyaa,Undirected,920,,,1
pfmmipy,brianbelajar,Undirected,921,,,1
pfmmipy,neologii,Undirected,922,,,1
atomhidrogen1,97sthinqs,Undirected,923,,,1
atomhidrogen1,aurellovee,Undirected,924,,,1
atomhidrogen1,avoucadoei,Undirected,925,,,1
aziastudy,airmelon_,Undirected,926,,,3
user0014297,canwehvebutter,Undirected,927,,,1
user0014297,jejeenum,Undirected,928,,,1
user0014297,rodeoyuno,Undirected,929,,,1
canwehvebutter,taeexyz,Undirected,930,,,1
txtdariharsa,pemudalusi,Undirected,931,,,3
txtdariharsa,vuinttone,Undirected,932,,,1
txtdariharsa,consteiie,Undirected,933,,,1
pemudalusi,coaceiia,Undirected,934,,,1
hujkwqe83dja,student_fess,Undirected,935,,,1
mitrabelajarmu,ambisfs,Undirected,936,,,1
mitrabelajarmu,smkfess,Undirected,937,,,1
gustity1,clarissajournal,Undirected,938,,,1
gustity1,ambisfs,Undirected,939,,,1
amsterdamlaf,areajulid,Undirected,940,,,2
amsterdamlaf,remostra,Undirected,941,,,1
amsterdamlaf,cursedkidd,Undirected,942,,,1
tetsuuuuuw,nezthetic,Undirected,943,,,3
tetsuuuuuw,vickyutami2,Undirected,944,,,1
tetsuuuuuw,bapakdomba,Undirected,945,,,1
tetsuuuuuw,mekyungsui,Undirected,946,,,1
ftievi,vickyutami2,Undirected,947,,,1
ftievi,taeyongsfle,Undirected,948,,,1
ftievi,hjsl0ve,Undirected,949,,,1
ftievi,avocadojaneshi_,Undirected,950,,,1
sebut_aja_orang,jeonsooheej,Undirected,951,,,2
jbjie,faintedrain,Undirected,952,,,2
notge0n,cokelataro,Undirected,953,,,1
nowsantuy,iridoriscent,Undirected,954,,,2
nowsantuy,pusingbgthuft,Undirected,955,,,1
nowsantuy,vazlae,Undirected,956,,,1
biologyzyx,atypicali,Undirected,957,,,2
atypicali,amiktheavocado,Undirected,958,,,2
atypicali,pejuangalmet,Undirected,959,,,1
atypicali,ambisssaaa,Undirected,960,,,1
atypicali,haitsde,Undirected,961,,,1
mjskud,itscammila,Undirected,962,,,1
itscammila,boutjinan,Undirected,963,,,1
itscammila,funnytummy_,Undirected,964,,,1
yantoyamazaki,peetassbread,Undirected,965,,,1
yantoyamazaki,econoona,Undirected,966,,,1
asdfghjklhftt,xpapermint,Undirected,967,,,1
asdfghjklhftt,loosealive,Undirected,968,,,1
asdfghjklhftt,icecreamm_21,Undirected,969,,,1
kasihnamadong_,whentheweather,Undirected,970,,,2
whentheweather,zenambis,Undirected,971,,,1
whentheweather,scmeru,Undirected,972,,,1
whentheweather,calonmaba111,Undirected,973,,,1
whentheweather,lovemaze52,Undirected,974,,,1
mystruggle___,sweettaeev,Undirected,975,,,1
mystruggle___,hiyifa,Undirected,976,,,1
nafastudy,rxxras,Undirected,977,,,2
nafastudy,ddazekth,Undirected,978,,,1
vrdhmrh,saramadhan,Undirected,979,,,2
natadekopok_,purplishdaisy,Undirected,980,,,2
purplishdaisy,bocilmakji,Undirected,981,,,1
purplishdaisy,lisambis,Undirected,982,,,1
navaaaa_aa,bang_garr,Undirected,983,,,2
bang_garr,bestjpboy,Undirected,984,,,1
cestlacherie,flummfox,Undirected,985,,,2
convomf,plumyn,Undirected,986,,,2
convomf,matchamaeleon,Undirected,987,,,1
convomf,richw0mann,Undirected,988,,,1
convomf,querencisal,Undirected,989,,,1
convomf,micindomie,Undirected,990,,,1
convomf,mmeksuttt,Undirected,991,,,1
convomf,vadzhrhwd,Undirected,992,,,1
convomf,yoshi__yoo,Undirected,993,,,1
convomf,sampurasunc,Undirected,994,,,1
convomf,semangkabulan,Undirected,995,,,1
convomf,taureqn,Undirected,996,,,1
convomf,sun6flower_s,Undirected,997,,,1
convomf,cal0npacarmuuu,Undirected,998,,,1
convomf,elaboarte,Undirected,999,,,1
convomf,duckvies,Undirected,1000,,,1
convomf,fairyssom,Undirected,1001,,,1
convomf,fairynayaa,Undirected,1002,,,1
convomf,dedeuk,Undirected,1003,,,1
convomf,cvpscake,Undirected,1004,,,1
convomf,distracsi,Undirected,1005,,,1
convomf,dhownzy,Undirected,1006,,,1
convomf,97washere,Undirected,1007,,,1
convomf,bibigohoonie,Undirected,1008,,,1
convomf,biyeldaily,Undirected,1009,,,1
convomf,ayyaafyu,Undirected,1010,,,1
convomf,lveajpark,Undirected,1011,,,1
convomf,lkwrdh_,Undirected,1012,,,1
convomf,kusukaleejeno,Undirected,1013,,,1
convomf,haechii_fullsun,Undirected,1014,,,1
convomf,gyuravity,Undirected,1015,,,1
convomf,growflyy,Undirected,1016,,,1
convomf,fru1tty,Undirected,1017,,,1
convomf,fortunegoogiez,Undirected,1018,,,1
convomf,igiboyaaah,Undirected,1019,,,1
titiswell,txtapaadanya,Undirected,1020,,,2
txtapaadanya,phoriam,Undirected,1021,,,1
txtapaadanya,txtdrawan,Undirected,1022,,,1
txtapaadanya,cilsland,Undirected,1023,,,1
txtapaadanya,tweetislamii,Undirected,1024,,,1
txtapaadanya,jesstjakep,Undirected,1025,,,1
ddowoonssi,numdeysix,Undirected,1026,,,2
numdeysix,sntyche,Undirected,1027,,,1
devnur99,itzjaraaa,Undirected,1028,,,2
itzjaraaa,thewinner_03,Undirected,1029,,,1
itzjaraaa,indrastunatu,Undirected,1030,,,1
itzjaraaa,hiraahero,Undirected,1031,,,1
ssaegt,sabdaps,Undirected,1032,,,2
sabdaps,lailychuss,Undirected,1033,,,2
sabdaps,propadti,Undirected,1034,,,1
sabdaps,physicsly,Undirected,1035,,,1
sabdaps,raccoonamatata_,Undirected,1036,,,1
sabdaps,adambagaskara,Undirected,1037,,,1
sabdaps,rvnclwsly,Undirected,1038,,,1
sabdaps,redpencilcolor,Undirected,1039,,,1
sabdaps,rdrkym,Undirected,1040,,,1
sabdaps,raufanpurdini,Undirected,1041,,,1
sabdaps,majourns,Undirected,1042,,,1
sabdaps,rararararadira,Undirected,1043,,,1
sabdaps,nantadv,Undirected,1044,,,1
sabdaps,meme_lord666666,Undirected,1045,,,1
sabdaps,panggilajazul,Undirected,1046,,,1
sabdaps,nurjannahhanum,Undirected,1047,,,1
sabdaps,widodotesla,Undirected,1048,,,1
sabdaps,ubur_uburmerah,Undirected,1049,,,1
sabdaps,yungnikiii,Undirected,1050,,,1
sabdaps,shiruunz,Undirected,1051,,,1
sabdaps,sorrelsoup__,Undirected,1052,,,1
sabdaps,sayangfk,Undirected,1053,,,1
sabdaps,the2nd_kira,Undirected,1054,,,1
sabdaps,syahrianhaekal,Undirected,1055,,,1
sabdaps,sunleaky,Undirected,1056,,,1
sabdaps,sweetbrownice,Undirected,1057,,,1
sabdaps,bungaaftr,Undirected,1058,,,1
sabdaps,camabaugm22,Undirected,1059,,,1
sabdaps,deact1ve,Undirected,1060,,,1
sabdaps,doodidaa,Undirected,1061,,,1
sabdaps,dinowin_,Undirected,1062,,,1
sabdaps,dimdamzz,Undirected,1063,,,1
sabdaps,aliyyonggs,Undirected,1064,,,1
sabdaps,ambisbesok,Undirected,1065,,,1
sabdaps,_scenerys,Undirected,1066,,,1
sabdaps,_dxlsd,Undirected,1067,,,1
sabdaps,asyaralanyar,Undirected,1068,,,1
sabdaps,arrazirafi,Undirected,1069,,,1
sabdaps,ayayayanaon,Undirected,1070,,,1
sabdaps,backtomeyay,Undirected,1071,,,1
sabdaps,audorebel,Undirected,1072,,,1
sabdaps,indosatoshi,Undirected,1073,,,1
sabdaps,indhrmdhnti,Undirected,1074,,,1
sabdaps,jejejesiee_,Undirected,1075,,,1
sabdaps,iwiclmy,Undirected,1076,,,1
sabdaps,listiatan,Undirected,1077,,,1
sabdaps,learnforlifee,Undirected,1078,,,1
sabdaps,hermonieaddict,Undirected,1079,,,1
sabdaps,hinumaaa,Undirected,1080,,,1
purpleuvy,cherrykook16,Undirected,1081,,,2
sonofthesunnnn,vazlae,Undirected,1082,,,1
hallaaah,stekzzkzkzk,Undirected,1083,,,2
quip_zenshare,yongiepurple,Undirected,1084,,,1
quip_zenshare,vkfluffy,Undirected,1085,,,1
quip_zenshare,suyutifarid,Undirected,1086,,,1
haechanprivate,bffhae,Undirected,1087,,,2
reikqmiya,cerephaka,Undirected,1088,,,2
reikqmiya,koyuudayo,Undirected,1089,,,1
cerephaka,rotiboeaya_,Undirected,1090,,,1
giornogiiovanna,iyoureyestell,Undirected,1091,,,2
cimycatha,polkacoma,Undirected,1092,,,2
cimycatha,preciousjh17,Undirected,1093,,,1
polkacoma,nelvaaze,Undirected,1094,,,1
polkacoma,sourcerries,Undirected,1095,,,1
teresa_katarina,itssayeshaa_,Undirected,1096,,,1
hxxwlmes,xjzee_,Undirected,1097,,,2
pasukanambis,gapyearfess,Undirected,1098,,,2
pasukanambis,buangrasamaless,Undirected,1099,,,1
pasukanambis,dhea_zenius,Undirected,1100,,,1
gapyearfess,matchaaagirl,Undirected,1101,,,1
gapyearfess,medsstud,Undirected,1102,,,1
gapyearfess,xayizee,Undirected,1103,,,1
gapyearfess,zenambis,Undirected,1104,,,1
gapyearfess,shourtcakee,Undirected,1105,,,1
gapyearfess,ssophrosynee,Undirected,1106,,,1
gapyearfess,andikaprayogo17,Undirected,1107,,,1
gapyearfess,jennietwin,Undirected,1108,,,1
gapyearfess,kyaawan_,Undirected,1109,,,1
gapyearfess,hajwjwje12,Undirected,1110,,,1
gapyearfess,gapyear21,Undirected,1111,,,1
gapyearfess,floerlilsuns,Undirected,1112,,,1
gapyearfess,heyhohii,Undirected,1113,,,1
pcrnysarigandum,syadnyl,Undirected,1114,,,2
choerrybombs2,waferasahoy,Undirected,1115,,,2
hilycious,zalfayre,Undirected,1116,,,1
sundaeefundaee,mendmoon,Undirected,1117,,,2
piwchicks,englishfess_,Undirected,1118,,,1
piwchicks,afprodit,Undirected,1119,,,1
kurapikawifee,jeromepolin,Undirected,1120,,,2
jeromepolin,dwiarti22,Undirected,1121,,,1
jeromepolin,embunpagikinant,Undirected,1122,,,1
jeromepolin,dinginluplup,Undirected,1123,,,1
ambisss1,soon2beamedstud,Undirected,1124,,,2
1975nk,nashiayamgeprek,Undirected,1125,,,2
1975nk,bnauree,Undirected,1126,,,1
zen_kakyuni,hanashhi,Undirected,1127,,,2
zen_kakyuni,classimoon,Undirected,1128,,,1
zen_kakyuni,zeeuze,Undirected,1129,,,1
zen_kakyuni,ursaturnss,Undirected,1130,,,1
zen_kakyuni,rutoothings,Undirected,1131,,,1
zen_kakyuni,rachelamnd14,Undirected,1132,,,1
zen_kakyuni,edennorthe,Undirected,1133,,,1
zen_kakyuni,affogadto,Undirected,1134,,,1
maukuliah2,studyfess,Undirected,1135,,,2
studyfess,stwufdy,Undirected,1136,,,1
studyfess,jenoactrus,Undirected,1137,,,1
madamemoisse,ljskkkx,Undirected,1138,,,1
madamemoisse,cuwprint,Undirected,1139,,,1
almondmilkies,cursedkidd,Undirected,1140,,,1
masgifar,naiscent,Undirected,1141,,,2
kyulest,yoshaurs,Undirected,1142,,,2
yoshaurs,haruvairy,Undirected,1143,,,1
zenambis,09yjm,Undirected,1144,,,1
zenambis,sweetpeagf,Undirected,1145,,,1
zenambis,sunnydejuniee,Undirected,1146,,,1
zenambis,sayahelo,Undirected,1147,,,1
zenambis,papayavocadoes,Undirected,1148,,,1
zenambis,mulberyiy,Undirected,1149,,,1
zenambis,mgreenteaz,Undirected,1150,,,1
zenambis,iamsashyaa,Undirected,1151,,,1
zenambis,hhazelkim,Undirected,1152,,,1
zenambis,haechavr,Undirected,1153,,,1
zenambis,guemuk,Undirected,1154,,,1
zenambis,friantobasuki,Undirected,1155,,,1
zenambis,floerlilsuns,Undirected,1156,,,1
zenambis,evanescenzt,Undirected,1157,,,1
zenambis,cutieasv,Undirected,1158,,,1
zenambis,bonjouvr,Undirected,1159,,,1
5pm53mins,dosiejogja,Undirected,1160,,,1
zeniusssss,persecoredes,Undirected,1161,,,1
zeniusssss,ambisitb2022,Undirected,1162,,,1
nashiayamgeprek,canduslowmotion,Undirected,1163,,,1
lilsunschenle,alohaguize,Undirected,1164,,,1
peachyeuuu,dinasigoreng,Undirected,1165,,,1
prewttyy,shovwl,Undirected,1166,,,1
shovwl,pornsmol,Undirected,1167,,,1
prettysellerapk,zeamayis,Undirected,1168,,,1
pretemdeer,frankiecosmosd,Undirected,1169,,,1
prayatafaizaft,sumberprotein,Undirected,1170,,,1
pramidew,mahirahaul,Undirected,1171,,,1
masaadepanmuuu_,themposition,Undirected,1172,,,1
themposition,gjlsyudah,Undirected,1173,,,1
masaituakantiba,cittairlanie,Undirected,1174,,,1
cittairlanie,pengenapaaja,Undirected,1175,,,1
cittairlanie,mazzini_gsp,Undirected,1176,,,1
cittairlanie,sakaumm,Undirected,1177,,,1
cittairlanie,accioiiviaa,Undirected,1178,,,1
cittairlanie,ipuung9,Undirected,1179,,,1
paujirohman,bertanyarl,Undirected,1180,,,1
bertanyarl,maukimyugyeom1,Undirected,1181,,,1
bertanyarl,ridincullus,Undirected,1182,,,1
bertanyarl,rerwrho,Undirected,1183,,,1
bertanyarl,qavten,Undirected,1184,,,1
bertanyarl,namujoonm,Undirected,1185,,,1
bertanyarl,nelladrs,Undirected,1186,,,1
bertanyarl,xrackedaccount,Undirected,1187,,,1
bertanyarl,zrhyme_25,Undirected,1188,,,1
bertanyarl,zigomycota,Undirected,1189,,,1
bertanyarl,skywithluvya,Undirected,1190,,,1
bertanyarl,ssearrahh,Undirected,1191,,,1
bertanyarl,sptzkyh,Undirected,1192,,,1
bertanyarl,sameenergy10,Undirected,1193,,,1
bertanyarl,trlsribosomm,Undirected,1194,,,1
bertanyarl,tnkbell12,Undirected,1195,,,1
bertanyarl,the_bluessky,Undirected,1196,,,1
bertanyarl,stillaliveye,Undirected,1197,,,1
bertanyarl,suckcietyy,Undirected,1198,,,1
bertanyarl,coralynne9,Undirected,1199,,,1
bertanyarl,bungatidurrr,Undirected,1200,,,1
bertanyarl,drugity_,Undirected,1201,,,1
bertanyarl,equinoxeros,Undirected,1202,,,1
bertanyarl,bocilnihbos,Undirected,1203,,,1
bertanyarl,akunyolot,Undirected,1204,,,1
bertanyarl,acciostoreofc,Undirected,1205,,,1
bertanyarl,beautiesoull,Undirected,1206,,,1
bertanyarl,blucchis,Undirected,1207,,,1
bertanyarl,anisa01248323,Undirected,1208,,,1
bertanyarl,asvsrvcrz,Undirected,1209,,,1
bertanyarl,anthophiile,Undirected,1210,,,1
bertanyarl,audorebel,Undirected,1211,,,1
bertanyarl,junjunhug,Undirected,1212,,,1
bertanyarl,itsjenarin,Undirected,1213,,,1
bertanyarl,ltaembrace,Undirected,1214,,,1
bertanyarl,kidranggi,Undirected,1215,,,1
bertanyarl,khoirunisaazrr,Undirected,1216,,,1
bertanyarl,imkhsnh,Undirected,1217,,,1
bertanyarl,gfhaechan_,Undirected,1218,,,1
bertanyarl,ganesauroraa,Undirected,1219,,,1
bertanyarl,faziafc,Undirected,1220,,,1
bertanyarl,frecklixxx,Undirected,1221,,,1
bertanyarl,honeycityx,Undirected,1222,,,1
bertanyarl,hobimakancanai,Undirected,1223,,,1
polymatik,sygfess,Undirected,1224,,,1
sygfess,moosieposie,Undirected,1225,,,1
pocarigaksweet,alieenbelajar,Undirected,1226,,,1
matchamaeleon,ssssharpay,Undirected,1227,,,1
matchamaeleon,vminenths,Undirected,1228,,,1
plstmnrljgnnemu,bapakdomba,Undirected,1229,,,1
pribumimusiman,sbyfess,Undirected,1230,,,1
sbyfess,bataraputra02,Undirected,1231,,,1
mayaveronica9,xoxowantja,Undirected,1232,,,1
pshstudy,dyrajki,Undirected,1233,,,1
pshstudy,myboyfriendkth,Undirected,1234,,,1
pshstudy,siailan,Undirected,1235,,,1
pshstudy,ajiaji032,Undirected,1236,,,1
parksozee,heyyuu_20,Undirected,1237,,,1
puri_nim,jihanfavs,Undirected,1238,,,1
pudanmenawan,maisyaphnn,Undirected,1239,,,1
ptnhunter22,pandaiimenangis,Undirected,1240,,,1
mariasoffie_,jehianps,Undirected,1241,,,1
psichalogy,student_fess,Undirected,1242,,,1
student_fess,sheeeerinn,Undirected,1243,,,1
student_fess,8ccola,Undirected,1244,,,1
psbronitua,olivehateem_,Undirected,1245,,,1
olivehateem_,azharfahd,Undirected,1246,,,1
martabakindie,pekalonganfess,Undirected,1247,,,1
profanous,o97pride,Undirected,1248,,,1
probablydaisyb,noobychild,Undirected,1249,,,1
noobychild,piztachious,Undirected,1250,,,1
privateboba,esbobataro,Undirected,1251,,,1
maribertemanptn,letskol,Undirected,1252,,,1
marimegammy,sharereall,Undirected,1253,,,1
marsupilalami,ftttsugaaa,Undirected,1254,,,1
may0naizee,kiddieasha,Undirected,1255,,,1
permisipaket_,idextratime,Undirected,1256,,,1
maungrice,dekapanfiksii,Undirected,1257,,,1
dekapanfiksii,malykacang,Undirected,1258,,,1
dekapanfiksii,wonyourbae,Undirected,1259,,,1
dekapanfiksii,everywwon_woo,Undirected,1260,,,1
dekapanfiksii,everyone_wooooo,Undirected,1261,,,1
dekapanfiksii,dindumps,Undirected,1262,,,1
pdkxbxj,ancoraimparo___,Undirected,1263,,,1
pdkxbxj,xiuwany,Undirected,1264,,,1
ancoraimparo___,annisahumairap,Undirected,1265,,,1
pengenambiis,press1forambis,Undirected,1266,,,1
peciintambiss,ambisfs,Undirected,1267,,,1
ambisfs,mriniaffah13,Undirected,1268,,,1
ambisfs,okeuy12,Undirected,1269,,,1
ambisfs,mcflurrries,Undirected,1270,,,1
ambisfs,yesikaann,Undirected,1271,,,1
ambisfs,scndofwil,Undirected,1272,,,1
ambisfs,thrigonometri,Undirected,1273,,,1
ambisfs,cosmiciattte,Undirected,1274,,,1
ambisfs,belajarkui,Undirected,1275,,,1
ambisfs,arsyubvs,Undirected,1276,,,1
ambisfs,ayamras,Undirected,1277,,,1
ambisfs,inisyanaa,Undirected,1278,,,1
ambisfs,itszaambis,Undirected,1279,,,1
ambisfs,kukukunae,Undirected,1280,,,1
ambisfs,imeydaaa,Undirected,1281,,,1
peachqrose,studywystar,Undirected,1282,,,1
studywystar,dreamerstudyy,Undirected,1283,,,1
maxpooling2d,piraaaa_,Undirected,1284,,,1
maukokumi,worksfess,Undirected,1285,,,1
englishfess_,ocayaaaa,Undirected,1286,,,1
englishfess_,ciaooo000,Undirected,1287,,,1
englishfess_,faitinggg,Undirected,1288,,,1
englishfess_,dailyxhitpost,Undirected,1289,,,1
pinnepiinn,alloeverea,Undirected,1290,,,1
alloeverea,brwniesz,Undirected,1291,,,1
pinginmasukfk,rococo_chico,Undirected,1292,,,1
pbooyoungg,kuyangcangtip,Undirected,1293,,,1
mariambisptkn,panggilgua1,Undirected,1294,,,1
pillowyarna,1204s0s,Undirected,1295,,,1
1204s0s,jidatkaoru,Undirected,1296,,,1
physblacks,potatoesavire,Undirected,1297,,,1
potatoesavire,sichengurl,Undirected,1298,,,1
potatoesavire,loucashton28,Undirected,1299,,,1
philosophyhunt,reductocurse,Undirected,1300,,,1
pfmsma,gxuling,Undirected,1301,,,1
matchikaaa,dugongcina,Undirected,1302,,,1
piltropy,jaejaewoonie,Undirected,1303,,,1
rendiismail22,itoff27,Undirected,1304,,,1
rinnebekasi_,jpfbase,Undirected,1305,,,1
jpfbase,rajwnn,Undirected,1306,,,1
jpfbase,shirayuri0616,Undirected,1307,,,1
jpfbase,grooverko_,Undirected,1308,,,1
riffuda,panggilajazul,Undirected,1309,,,1
panggilajazul,bothroses,Undirected,1310,,,1
panggilajazul,meanwhild,Undirected,1311,,,1
panggilajazul,yourcicillia,Undirected,1312,,,1
panggilajazul,chiayouu,Undirected,1313,,,1
panggilajazul,komikusmales,Undirected,1314,,,1
rifainthebuild1,mactematika,Undirected,1315,,,1
richw0mann,ustadchen,Undirected,1316,,,1
rheexca,s1jabats,Undirected,1317,,,1
replayrepliy,miund,Undirected,1318,,,1
replayrepliy,faizanka_,Undirected,1319,,,1
cuwprint,yasyas878,Undirected,1320,,,1
roeversinceny,diveinkyoto,Undirected,1321,,,1
roeversinceny,sunfairry,Undirected,1322,,,1
rua_area,iyakngarepfkui,Undirected,1323,,,1
s4turnrush,asyastudyy,Undirected,1324,,,1
rydeell,fuckutebeka,Undirected,1325,,,1
rutorenang,jihoonbakso,Undirected,1326,,,1
rubyredvelvet,chocyuhyun,Undirected,1327,,,1
rubbymarkie,preciousjh17,Undirected,1328,,,1
preciousjh17,echan_dongsaeng,Undirected,1329,,,1
preciousjh17,keihju,Undirected,1330,,,1
ruangguyu_,melysantoso_,Undirected,1331,,,1
machtyaaa,jaketangsel,Undirected,1332,,,1
rsmn_vr,mogiisgilang,Undirected,1333,,,1
rrachang,stanmenfess,Undirected,1334,,,1
stanmenfess,bolpoinw,Undirected,1335,,,1
stanmenfess,agungstyngrh,Undirected,1336,,,1
stanmenfess,haruhachiko,Undirected,1337,,,1
rosettaile,koumeowing,Undirected,1338,,,1
rosesty_95,pinkeuza,Undirected,1339,,,1
pinkeuza,haejwani,Undirected,1340,,,1
puttrrrri,brandambissador,Undirected,1341,,,1
puttrrrri,bluwberiy,Undirected,1342,,,1
renaldiwahyu_,fotosyut,Undirected,1343,,,1
raenjunluvena,mgajhnsz,Undirected,1344,,,1
raeambisbesok,hiromi_daiji,Undirected,1345,,,1
raeambisbesok,faniix1,Undirected,1346,,,1
raaazaaac,betaquari,Undirected,1347,,,1
vkfluffy,kdoydoyi,Undirected,1348,,,1
querencieaj,chewmist,Undirected,1349,,,1
quereencialism_,agnesdella7,Undirected,1350,,,1
qheejin,miyeeoon,Undirected,1351,,,1
qheejin,ningznin,Undirected,1352,,,1
pwumpiie,studstudiee,Undirected,1353,,,1
studstudiee,fatiaaqila,Undirected,1354,,,1
puuffffffffffff,arucannn,Undirected,1355,,,1
putwizz,studyyarea,Undirected,1356,,,1
studyyarea,ambiezallday,Undirected,1357,,,1
rayyslagiambis,studwsyaaa,Undirected,1358,,,1
reinmujaddid,cimotyy,Undirected,1359,,,1
maecyokay17_j,wonunuj_,Undirected,1360,,,1
koyuudayo,annarukami,Undirected,1361,,,1
refusama,fajartujuhbelas,Undirected,1362,,,1
reeireirin,uchuucinn,Undirected,1363,,,1
rebahan____,cryinhazelmoonz,Undirected,1364,,,1
rayofsansyain,idontsharefoods,Undirected,1365,,,1
randd1_,guedahyun,Undirected,1366,,,1
panggilnady,flowrblues,Undirected,1367,,,1
pamaksudmu,ngambisugmdl,Undirected,1368,,,1
sweettaeev,bobll_,Undirected,1369,,,1
hiyifa,apfytn,Undirected,1370,,,1
myohangyul99,skamletoy,Undirected,1371,,,1
mydearpo,jualanmurcee,Undirected,1372,,,1
jualanmurcee,cutiebrowniee,Undirected,1373,,,1
mybalwoon,imdemafia,Undirected,1374,,,1
mybalwoon,sandglassess,Undirected,1375,,,1
my_april04,ofeverythingg,Undirected,1376,,,1
muthxzsh_,vrnsscfby,Undirected,1377,,,1
muthxzsh_,tukanggalau28,Undirected,1378,,,1
nasculfadhil,neomualone,Undirected,1379,,,1
nasculfadhil,90storyfair,Undirected,1380,,,1
nasculfadhil,jeruksambat,Undirected,1381,,,1
murphlovebot,dsconnectud,Undirected,1382,,,1
msputraaz,studienbrch,Undirected,1383,,,1
msputraaz,ndlzkdlin,Undirected,1384,,,1
msputraaz,namaewanaori,Undirected,1385,,,1
msputraaz,mitsupha,Undirected,1386,,,1
msputraaz,dinowin_,Undirected,1387,,,1
msputraaz,azijik,Undirected,1388,,,1
msputraaz,4bbyitshere,Undirected,1389,,,1
namaewanaori,tanannnoctavia,Undirected,1390,,,1
namaewanaori,blackxiugar,Undirected,1391,,,1
namaewanaori,arrheree,Undirected,1392,,,1
azijik,akutaurifky,Undirected,1393,,,1
azijik,andrigunardiii,Undirected,1394,,,1
n00teskuas,fairym3rs,Undirected,1395,,,1
n00teskuas,krvyblue,Undirected,1396,,,1
n00teskuas,studysyx,Undirected,1397,,,1
men4ng1s,billsyit,Undirected,1398,,,1
men4ng1s,arreundelle,Undirected,1399,,,1
studysyx,studybudddy,Undirected,1400,,,1
narauhlll,qardust,Undirected,1401,,,1
nanayoonaya,jayeuzv,Undirected,1402,,,1
nanas_malas,askrlfess,Undirected,1403,,,1
askrlfess,akbar__kun,Undirected,1404,,,1
askrlfess,jijuljujil,Undirected,1405,,,1
askrlfess,hanabpu,Undirected,1406,,,1
nadaoct1,7orupiah,Undirected,1407,,,1
mrsjyh,mangokombucha,Undirected,1408,,,1
mrjuneyaa,hwangghinaa,Undirected,1409,,,1
hwangghinaa,letminolino,Undirected,1410,,,1
misiscokelat,schcampus,Undirected,1411,,,1
schcampus,starfdust,Undirected,1412,,,1
schcampus,aestheshal,Undirected,1413,,,1
mintadislebew,ayayayow_,Undirected,1414,,,1
minisabc,vouzmevoyezzh,Undirected,1415,,,1
mezmaraised,rlixaxa_,Undirected,1416,,,1
mezmaraised,wiarning,Undirected,1417,,,1
mezmaraised,loutmlins,Undirected,1418,,,1
mingyureo,zh0ngchn,Undirected,1419,,,1
zh0ngchn,ljndoyie,Undirected,1420,,,1
mhelmyahya,asmeredithgrey,Undirected,1421,,,1
mingambis,chelsstudy,Undirected,1422,,,1
mineyups,plsidunnowhoim,Undirected,1423,,,1
plsidunnowhoim,iirreplaceabl3,Undirected,1424,,,1
mid8riya,na4ckerman,Undirected,1425,,,1
milkywayystar,ethenimity,Undirected,1426,,,1
milkeurii,straykweeeds,Undirected,1427,,,1
milkeurii,jjieepang,Undirected,1428,,,1
miioo71,fairylionae,Undirected,1429,,,1
misedep,julidajayaa,Undirected,1430,,,1
mrdikta,jon9se,Undirected,1431,,,1
moyyth,ursaturnss,Undirected,1432,,,1
mowgyli,kekapasii,Undirected,1433,,,1
mooonntie,crazieniyya,Undirected,1434,,,1
moonroese,hezastudy,Undirected,1435,,,1
moonkevicn,ihyunzjae,Undirected,1436,,,1
metawinbunny,dinoshop_,Undirected,1437,,,1
meyskezz,s_rhizaa,Undirected,1438,,,1
s_rhizaa,worldqar,Undirected,1439,,,1
mochiocii,adelaydens,Undirected,1440,,,1
adelaydens,eiydenist,Undirected,1441,,,1
mocaccid,pl4nta3,Undirected,1442,,,1
mituuw,billah_bambu,Undirected,1443,,,1
billah_bambu,ambisssaaa,Undirected,1444,,,1
smkfess,shineeyo0pie,Undirected,1445,,,1
smkfess,catsenja,Undirected,1446,,,1
smkfess,kenmaniichan,Undirected,1447,,,1
smkfess,karyacemas32,Undirected,1448,,,1
smkfess,jehermione,Undirected,1449,,,1
smkfess,kimbumlaw,Undirected,1450,,,1
smkfess,fvckmaths,Undirected,1451,,,1
smkfess,honeyberryys,Undirected,1452,,,1
natastasya,renaointu,Undirected,1453,,,1
ohnomerlin,seporsimieayam,Undirected,1454,,,1
ontinyawagyu,angelyxc1,Undirected,1455,,,1
ontinyawagyu,sasambisptn,Undirected,1456,,,1
ontinyawagyu,anyaacube,Undirected,1457,,,1
angelyxc1,fk22amin,Undirected,1458,,,1
onthewayhere,ryyuje,Undirected,1459,,,1
onoff_m,thinsmilemuahh,Undirected,1460,,,1
mccnphase,dojeumin,Undirected,1461,,,1
mccnphase,kowhsi,Undirected,1462,,,1
oikawakiw,takze,Undirected,1463,,,1
ohmyicedtea,collegemenfess,Undirected,1464,,,1
collegemenfess,kittenbud,Undirected,1465,,,1
collegemenfess,koranpagiii,Undirected,1466,,,1
collegemenfess,halusinasiberat,Undirected,1467,,,1
odlaassir,menfesssyg,Undirected,1468,,,1
o0crash9,hynskch,Undirected,1469,,,1
nyobaproduktip,marktermeloo_n,Undirected,1470,,,1
marktermeloo_n,pacarnyarya,Undirected,1471,,,1
nyeondy,ailofmalyfe,Undirected,1472,,,1
nuvantaraa,katdaal,Undirected,1473,,,1
nurhidazenius,subeeobin,Undirected,1474,,,1
nurhidazenius,afas64002521,Undirected,1475,,,1
subeeobin,4thgenitboyjun,Undirected,1476,,,1
onyourmidd,ketekalien,Undirected,1477,,,1
mbibibis,hannadd__,Undirected,1478,,,1
mbakjenniekim,rekonict,Undirected,1479,,,1
mbakjenniekim,waitefah,Undirected,1480,,,1
bothroses,vickyutami2,Undirected,1481,,,1
midheavenn_,aruufilpe,Undirected,1482,,,1
oxnjxbc,alestudiey,Undirected,1483,,,1
mbananamal,akugemeus,Undirected,1484,,,1
owlinlovewithu,vhezzzz,Undirected,1485,,,1
ourtattoos,yoonjaehyukz,Undirected,1486,,,1
otsukarenasama,_alphaif,Undirected,1487,,,1
orionbeltgirl,rachelamnd14,Undirected,1488,,,1
orgsm95,ceritadarimalam,Undirected,1489,,,1
orgrendahan,divaalfiah,Undirected,1490,,,1
oreocuros,keeylaaaaaaaaaa,Undirected,1491,,,1
oreocuros,kamusiapayak,Undirected,1492,,,1
orchidzyone,chaeraelk,Undirected,1493,,,1
oocomfortzone,cathions,Undirected,1494,,,1
nrossiee,studywithgee,Undirected,1495,,,1
nrlsaes,txtgetsunova,Undirected,1496,,,1
nrlsaes,haru_010410,Undirected,1497,,,1
nisamabaundip,kimjonunh,Undirected,1498,,,1
nfifah23,fizzyflanks,Undirected,1499,,,1
meim99_,markcitygurl,Undirected,1500,,,1
mejikuhibinniu,xxshineyz,Undirected,1501,,,1
netaijal,nyonkrg,Undirected,1502,,,1
nelvaaze,memeykarta,Undirected,1503,,,1
memeykarta,femkezhi,Undirected,1504,,,1
nelheeyoung,novpdd,Undirected,1505,,,1
ndhrbt1,ttlindonesia,Undirected,1506,,,1
ttlindonesia,echanensiti22,Undirected,1507,,,1
melancholycurse,ssrmao,Undirected,1508,,,1
meliyetik,clobe,Undirected,1509,,,1
njunnnana,lucynaomii,Undirected,1510,,,1
vazlae,is0cost,Undirected,1511,,,1
noviceartistt,_clairdxlunx,Undirected,1512,,,1
nouvieiies,maublajar,Undirected,1513,,,1
notyourexxx_,hijustcallwawa,Undirected,1514,,,1
mebeingmeitsme,vaniaaaambis,Undirected,1515,,,1
nore2dx,rooooollllll,Undirected,1516,,,1
noodlezzzip,snowgumzzz,Undirected,1517,,,1
noodlezzzip,nakaivvy,Undirected,1518,,,1
noodlezzzip,canstuy,Undirected,1519,,,1
nonakimry,flyfromhell,Undirected,1520,,,1
flyfromhell,kaciwparuy,Undirected,1521,,,1
nochtrnl,munfess,Undirected,1522,,,1
nobeeta_,jolovesji,Undirected,1523,,,1
nobaramyeon,ssefnum,Undirected,1524,,,1
ssefnum,tembemv,Undirected,1525,,,1
ssefnum,lanzhhan,Undirected,1526,,,1
nnjaemi,imnayeonmygirl,Undirected,1527,,,1
nnismal,wmhendra_,Undirected,1528,,,1
nnajaeminiest,shijakbuteodaa,Undirected,1529,,,1
nkcthi___,maujadicrushmu,Undirected,1530,,,1
maujadicrushmu,kylielipaann,Undirected,1531,,,1
sadboy1410,thisbluemarie,Undirected,1532,,,1
wheeinnnnn,straykdzchan,Undirected,1533,,,1
wedeliastudy,ciaooo000,Undirected,1534,,,1
wecall11nine,taekyootie,Undirected,1535,,,1
taekyootie,joereoo,Undirected,1536,,,1
waytogoals,winneopen,Undirected,1537,,,1
waytogoals,be_owenz,Undirected,1538,,,1
wasserdruck,mmmaaauuulll_,Undirected,1539,,,1
wannabegzoox,violetblueish,Undirected,1540,,,1
wangjjake,lunerpw,Undirected,1541,,,1
lunerpw,kritstal,Undirected,1542,,,1
wakasacult,sanzupaws,Undirected,1543,,,1
voievode01,sahabatbrainly,Undirected,1544,,,1
vivielawantii,ahdwik__,Undirected,1545,,,1
ahdwik__,hali_halaa,Undirected,1546,,,1
ahdwik__,luvinfaisy,Undirected,1547,,,1
vitamiiinc_,bnauree,Undirected,1548,,,1
visentiaiko,mondmaadchen_,Undirected,1549,,,1
vimard_,ossocleo,Undirected,1550,,,1
vickyutami2,tegarrm11,Undirected,1551,,,1
vickyutami2,taeexyz,Undirected,1552,,,1
vickyutami2,struggle9belas,Undirected,1553,,,1
vickyutami2,ssophrosynee,Undirected,1554,,,1
vickyutami2,serotoninstud,Undirected,1555,,,1
vickyutami2,orishh_,Undirected,1556,,,1
vickyutami2,kudila_,Undirected,1557,,,1
vickyutami2,jaeminnabigwin,Undirected,1558,,,1
vickyutami2,gtwusiapa,Undirected,1559,,,1
vickyutami2,goenawan_dedi,Undirected,1560,,,1
vickyutami2,casjourney,Undirected,1561,,,1
vickyutami2,cabatprojenn,Undirected,1562,,,1
vickyutami2,browniefluffy,Undirected,1563,,,1
vickyutami2,bichsanul,Undirected,1564,,,1
wiiiskes,mylktae,Undirected,1565,,,1
wintermiif,icutiejaemin,Undirected,1566,,,1
xoxo22happiest,ynrlj08,Undirected,1567,,,1
xmnallzee,funnytummy_,Undirected,1568,,,1
xkeyzia,eunheeberries,Undirected,1569,,,1
eunheeberries,nytrika,Undirected,1570,,,1
xiaaau,sadgurlzzz11,Undirected,1571,,,1
sadgurlzzz11,houseskies,Undirected,1572,,,1
x1xiboba,fluffykaia,Undirected,1573,,,1
wtfjaktim,highekspektasi,Undirected,1574,,,1
wooseoj,hangyuf,Undirected,1575,,,1
wonpilmart,y00nddablue,Undirected,1576,,,1
wonpilmart,antarsayapulang,Undirected,1577,,,1
wonkecii,yujsoob,Undirected,1578,,,1
woncevs,hermbione,Undirected,1579,,,1
wntrrgrdn_,cloudy_vread,Undirected,1580,,,1
wjyd_22,asyllib,Undirected,1581,,,1
taeexyz,sukedelai,Undirected,1582,,,1
taeexyz,moothyea,Undirected,1583,,,1
taeexyz,dreamnforward,Undirected,1584,,,1
taeexyz,citacitatercpai,Undirected,1585,,,1
ssophrosynee,acciostoreofc,Undirected,1586,,,1
uranyus,cayendoj,Undirected,1587,,,1
unnoticezen,jaemcityx,Undirected,1588,,,1
jaemcityx,suprmh00p,Undirected,1589,,,1
jaemcityx,jaeuniiverse,Undirected,1590,,,1
jaemcityx,fordreamiess,Undirected,1591,,,1
uncpsiar,prkdlx,Undirected,1592,,,1
prkdlx,2022camaba,Undirected,1593,,,1
prkdlx,isno_prplee,Undirected,1594,,,1
prkdlx,hiresapps,Undirected,1595,,,1
unavailable6661,undipmenfess,Undirected,1596,,,1
ugmduadua,esra81787871,Undirected,1597,,,1
uburuburuu,napakotel,Undirected,1598,,,1
uburuburuu,kittenflawu,Undirected,1599,,,1
uburuburuu,gerimisnind,Undirected,1600,,,1
typingmybest,tupperwery,Undirected,1601,,,1
tymochie,zweetbangtan,Undirected,1602,,,1
txtfromshasa,preci0usgirll,Undirected,1603,,,1
txlmcc,thaliamecca,Undirected,1604,,,1
twutwah,historiye,Undirected,1605,,,1
historiye,adindakyuti,Undirected,1606,,,1
urielflames,falllni,Undirected,1607,,,1
urlovelymeow,troismotsvides,Undirected,1608,,,1
vermmouht,dkfeeel,Undirected,1609,,,1
vethernal,alonevrydy,Undirected,1610,,,1
veildiablo,iatoxicera,Undirected,1611,,,1
vanctei,soonkissad,Undirected,1612,,,1
soonkissad,cipastuds,Undirected,1613,,,1
valleznx,trili_haja21,Undirected,1614,,,1
user80972,masukptn2k22,Undirected,1615,,,1
xsomanyvoicesx,brokenstrays,Undirected,1616,,,1
ayangiesicheng,raluey,Undirected,1617,,,1
zenimaoya,skyelaster,Undirected,1618,,,1
zenimaoya,needle_dj,Undirected,1619,,,1
ambisstudd,crlstudy,Undirected,1620,,,1
ambisstudd,cluvdiigirl,Undirected,1621,,,1
ztzvall,cutiebunnyieww,Undirected,1622,,,1
zofufo,scksprsn,Undirected,1623,,,1
zlaraaa27,thaiteastudy,Undirected,1624,,,1
zeusswet,kasttangel,Undirected,1625,,,1
zepeted,vdfhel,Undirected,1626,,,1
zenoiev0423,jie_noona15,Undirected,1627,,,1
jie_noona15,jenoactrus,Undirected,1628,,,1
zeniussupport,bagusbiasa6,Undirected,1629,,,1
zeniuslelicia,funami_iidx,Undirected,1630,,,1
zeniusbyme,aqillafaya,Undirected,1631,,,1
shourtcakee,moonstarslin,Undirected,1632,,,1
shourtcakee,gabutpipell,Undirected,1633,,,1
shourtcakee,shineambis,Undirected,1634,,,1
yoshiluvy,kentangnyaruto_,Undirected,1635,,,1
yoonjeyi,2304days,Undirected,1636,,,1
yonkyoungk,ojodaboniven,Undirected,1637,,,1
yodamie,rjcollect,Undirected,1638,,,1
yerinnykim,doykimm_,Undirected,1639,,,1
yennovianti,birthdayboyjjen,Undirected,1640,,,1
yellingoutt,anotheroficha,Undirected,1641,,,1
yeaaaaa1234,jgukdior,Undirected,1642,,,1
ydelfay,tresno_arto,Undirected,1643,,,1
yayoungiee,annung1717,Undirected,1644,,,1
yasukseslah,shoxella,Undirected,1645,,,1
yaspip,gerimisdingin,Undirected,1646,,,1
classimoon,geulisgurl,Undirected,1647,,,1
evanescenzt,anyasllbenar,Undirected,1648,,,1
zenalolosutbk22,pengenits,Undirected,1649,,,1
ysputri__,nanadngambis,Undirected,1650,,,1
yyours_s,samvisk,Undirected,1651,,,1
yutachtien,sweety0ngg,Undirected,1652,,,1
yukbisasemangat,gaizkahaha,Undirected,1653,,,1
ytanakamo,physiciansoon,Undirected,1654,,,1
ytaeluvv,kokoradenmogu,Undirected,1655,,,1
tupfai,cryptosanthoshg,Undirected,1656,,,1
smootiess,raraakunambis,Undirected,1657,,,1
raraakunambis,huggybearys,Undirected,1658,,,1
slvirsa,maujadiorkay,Undirected,1659,,,1
sltupid,convomfs,Undirected,1660,,,1
convomfs,stardustzr,Undirected,1661,,,1
convomfs,archiv8ste,Undirected,1662,,,1
slasherkids,horribietakes,Undirected,1663,,,1
skiesonyou,sn6tn,Undirected,1664,,,1
simanullangboy,miraclesitompul,Undirected,1665,,,1
silverqueern,janrinj,Undirected,1666,,,1
siabongx_,pearll_y,Undirected,1667,,,1
shny03,polcanisme,Undirected,1668,,,1
shinsukqe,niksrot,Undirected,1669,,,1
smileveryydayy,nyawmiazks_,Undirected,1670,,,1
nyawmiazks_,jelllyybin_,Undirected,1671,,,1
tsavahna,rabiebz,Undirected,1672,,,1
sofciety,terrciduk,Undirected,1673,,,1
sszvize,ambiss17,Undirected,1674,,,1
sszvize,strawberychocoo,Undirected,1675,,,1
sszvize,gapaidreams,Undirected,1676,,,1
sstrnice,rifaa_fitria,Undirected,1677,,,1
rifaa_fitria,blackmantaaa,Undirected,1678,,,1
sshapiera,brown_suugaar,Undirected,1679,,,1
sscarletsk,pudusmollie,Undirected,1680,,,1
ssahyaa,azaleyyaa,Undirected,1681,,,1
azaleyyaa,bukan_siapa2moo,Undirected,1682,,,1
azaleyyaa,destiactrr,Undirected,1683,,,1
azaleyyaa,tubirfess,Undirected,1684,,,1
sotoooayammm,ayamtaru,Undirected,1685,,,1
sorrelsoup__,thereseclaire_,Undirected,1686,,,1
sondesyip,sapirbluu,Undirected,1687,,,1
sombhonkamat,seapeachys,Undirected,1688,,,1
shillamauits,clnactuaire,Undirected,1689,,,1
lylackett,ehapayabingung,Undirected,1690,,,1
scndofwil,toralanguru,Undirected,1691,,,1
toralanguru,ccknwia,Undirected,1692,,,1
schareinjun,imyour_id,Undirected,1693,,,1
sbm2022amin,kitty0413,Undirected,1694,,,1
sayyaswaaa,moothyea,Undirected,1695,,,1
sawoberrie,kataibugwcakep,Undirected,1696,,,1
satpam_kmplk,m0oorklee,Undirected,1697,,,1
sasgantar,shbeiie,Undirected,1698,,,1
sara25284157,superd_ean,Undirected,1699,,,1
sanygah,ataehyeong,Undirected,1700,,,1
samuelwls,ahmadzakiyudin_,Undirected,1701,,,1
saikaawa,little__soul,Undirected,1702,,,1
saikaawa,creepersteve13,Undirected,1703,,,1
sedangberfiqir,pecintalatte__,Undirected,1704,,,1
pecintalatte__,luvinfaisy,Undirected,1705,,,1
sedikidnormal,aurellovee,Undirected,1706,,,1
sedikidnormal,chiayouu,Undirected,1707,,,1
sedikidnormal,peachyypickle,Undirected,1708,,,1
aurellovee,ambverss,Undirected,1709,,,1
shayeerah,vicegirl98,Undirected,1710,,,1
sharon_zenius,theonlyokti,Undirected,1711,,,1
sharon_zenius,gaaragtng,Undirected,1712,,,1
sharon_zenius,dyoovr,Undirected,1713,,,1
sharon_zenius,dansedansee,Undirected,1714,,,1
gaaragtng,histologzy,Undirected,1715,,,1
shallmeet_loey,premding,Undirected,1716,,,1
shaaturday,httpsvanes,Undirected,1717,,,1
httpsvanes,kes_stud,Undirected,1718,,,1
settuce,yesiamjasmin,Undirected,1719,,,1
setannlucky,jinnieatr,Undirected,1720,,,1
serinshi,madubenkyou,Undirected,1721,,,1
septgvy,stomatcha,Undirected,1722,,,1
seminggulagi,owrientasi,Undirected,1723,,,1
semangattbljr22,teumeambis,Undirected,1724,,,1
semangattbljr22,enaqtauuuuu,Undirected,1725,,,1
selpiaap,sshzzxy,Undirected,1726,,,1
selpiaap,studynowproud,Undirected,1727,,,1
swwhun,delightfulight,Undirected,1728,,,1
tersahisahi,yedamsmate,Undirected,1729,,,1
tengkyuneks,jennstudy,Undirected,1730,,,1
telorcepiog,txtuhy,Undirected,1731,,,1
teccasdsmp,ffoodfess,Undirected,1732,,,1
tebaksiapayo,risoljamur,Undirected,1733,,,1
tagovailoa_,adhipramonooo,Undirected,1734,,,1
adhipramonooo,fadelabdh_,Undirected,1735,,,1
taewzrd,lyuvjigguk,Undirected,1736,,,1
lyuvjigguk,bnxamilkoo,Undirected,1737,,,1
lyuvjigguk,jikook_coty,Undirected,1738,,,1
taemybby,kebongean,Undirected,1739,,,1
taebearys,noctekv,Undirected,1740,,,1
taebearys,kbpenyintas,Undirected,1741,,,1
taebearys,enhypen_members,Undirected,1742,,,1
taaannntann,itzaixovvy,Undirected,1743,,,1
t1l9t81,1r481n,Undirected,1744,,,1
thaichans,plummywrld,Undirected,1745,,,1
tinibinnie,rintarouzie,Undirected,1746,,,1
rabiebz,gadinn_,Undirected,1747,,,1
trealogy,gabisamupon,Undirected,1748,,,1
topiksemalam,komorebby,Undirected,1749,,,1
tootime2time_,baseumum,Undirected,1750,,,1
tokopedisa,accountantz_,Undirected,1751,,,1
tokopakagus,thepurpletshirt,Undirected,1752,,,1
thepurpletshirt,lushlovstyles,Undirected,1753,,,1
tidakputusasa_,tubirfess,Undirected,1754,,,1
thndpnpgnkuliah,nisnotes,Undirected,1755,,,1
therebahan,petervangils7g1,Undirected,1756,,,1
studyima,ambizwithucup,Undirected,1757,,,1
studyfaaaa,imamazingrn,Undirected,1758,,,1
studyeuph,hotmaanparis,Undirected,1759,,,1
studydies,rheanjunn,Undirected,1760,,,1
studyayle,summearry,Undirected,1761,,,1
studiesrn,cherambiss,Undirected,1762,,,1
strawbeeried,jeeejeeejee,Undirected,1763,,,1
stinkyburgers,vanyazzahra,Undirected,1764,,,1
stilltryingplss,forambis,Undirected,1765,,,1
stilltryingplss,divvla1,Undirected,1766,,,1
stazzmon,mencobarajinn,Undirected,1767,,,1
stayrmg,siscakolh,Undirected,1768,,,1
studyiren,sdoodioo,Undirected,1769,,,1
studynamitee,hooneyeol,Undirected,1770,,,1
sushitrashf,ohmyyunki,Undirected,1771,,,1
sunshinepily,crispyfairy,Undirected,1772,,,1
sunndaylight,rakyatasgard,Undirected,1773,,,1
sunmolor,ddumbiie,Undirected,1774,,,1
studywithcika,urmatchaw,Undirected,1775,,,1
sukacanduu,greencha__,Undirected,1776,,,1
sugarroar,keiilahaha,Undirected,1777,,,1
suckcietyy,nectarwalk,Undirected,1778,,,1
stvdyca,stufffzx,Undirected,1779,,,1
studywithsa,iuwacth,Undirected,1780,,,1
ljystudz,ccherrychuu,Undirected,1781,,,1
ljystudz,qwertyaowk,Undirected,1782,,,1
ljystudz,samarsekali,Undirected,1783,,,1
chemicalphobyc,hallooodenne,Undirected,1784,,,1
chawmomile,yeonbwin,Undirected,1785,,,1
chaotichoes,drunkerthink,Undirected,1786,,,1
chanlsty,solelytolove,Undirected,1787,,,1
chaniechaniee,nadsunoo,Undirected,1788,,,1
chandeluna,aulion,Undirected,1789,,,1
aulion,bubleteah,Undirected,1790,,,1
chachaatdy,urmarklee99,Undirected,1791,,,1
cestmoiadenn,kejuricheeze,Undirected,1792,,,1
centivl,echaml__,Undirected,1793,,,1
centacea,dairysambatanku,Undirected,1794,,,1
centacea,ineedywoody,Undirected,1795,,,1
ciggaftermeal,anggurmaroon,Undirected,1796,,,1
craetaceus,kogassi,Undirected,1797,,,1
crackegg2,ukuuu4,Undirected,1798,,,1
cordeliaspicy,lovlyxmg,Undirected,1799,,,1
lovlyxmg,mewchanics,Undirected,1800,,,1
coralandsummer_,desieeci,Undirected,1801,,,1
comeandxoxo,cowtoonn,Undirected,1802,,,1
cokelataro,clorophhyl,Undirected,1803,,,1
clumsyoe,koaqlaa,Undirected,1804,,,1
cloudyjen00,chendellion,Undirected,1805,,,1
cloudishlly,caastudyy,Undirected,1806,,,1
cloud1xd,jonelis__,Undirected,1807,,,1
cjreamy,lalaloveyy__,Undirected,1808,,,1
bucincimolll,anak___gembala,Undirected,1809,,,1
bucincimolll,dini82661,Undirected,1810,,,1
bucincimolll,iamthelit_,Undirected,1811,,,1
burlywoodie,ocxtober,Undirected,1812,,,1
bumbushashaa,sunceaura,Undirected,1813,,,1
budimanyuman,simulasiku_id,Undirected,1814,,,1
buciinbelajar,liaambis_xx,Undirected,1815,,,1
buburbayiracer,akueflin,Undirected,1816,,,1
brrr0110,yeyyzwiee,Undirected,1817,,,1
boutjinan,reginallegra,Undirected,1818,,,1
boutfairy,dygnit,Undirected,1819,,,1
bosriyan,andrigunardiii,Undirected,1820,,,1
borjuisociety,coeursea,Undirected,1821,,,1
callmettaaa,siifkkmk,Undirected,1822,,,1
callmeoty,taulusgerl,Undirected,1823,,,1
cactuls,elleriour,Undirected,1824,,,1
byunsofttea,doyrencute,Undirected,1825,,,1
doyrencute,gemoihaechan,Undirected,1826,,,1
creamycinz,hajimaaaaaaah,Undirected,1827,,,1
elrasr,pxercys,Undirected,1828,,,1
pxercys,24sheesh,Undirected,1829,,,1
eleanor_park7,legendaryarrow1,Undirected,1830,,,1
ekaltfinurazizh,cottonwools,Undirected,1831,,,1
eduteaa,future__medstud,Undirected,1832,,,1
dzuldarojah80,edukasystem,Undirected,1833,,,1
edukasystem,imyour_drum,Undirected,1834,,,1
dwianjanihast,elisabetguwanto,Undirected,1835,,,1
duaperdua,nesruneos,Undirected,1836,,,1
drowneast,serotoniyn,Undirected,1837,,,1
drimzie,ryvjinswag,Undirected,1838,,,1
fajriea_,aaaaaaaaaa0022,Undirected,1839,,,1
fajarsuryadew,mofaisalakbar,Undirected,1840,,,1
fairyluvie,xxswr_,Undirected,1841,,,1
fadilajadeh_,mikeymantji,Undirected,1842,,,1
fadeleesss,audorebel,Undirected,1843,,,1
audorebel,__moonglade,Undirected,1844,,,1
exactlyexact,obsidiaine,Undirected,1845,,,1
obsidiaine,aeranaa,Undirected,1846,,,1
evimrsh_,lmansa3,Undirected,1847,,,1
eunsang_pikri,viraanih,Undirected,1848,,,1
estehpanasding1,glossiebubs,Undirected,1849,,,1
erikasalsabl,itsyogirlsjaoe,Undirected,1850,,,1
enginestud,tryingmabestt,Undirected,1851,,,1
doyoungkim_10,chitaglorya,Undirected,1852,,,1
doyoane,fulixlee,Undirected,1853,,,1
ddeongwush,momotanwelo,Undirected,1854,,,1
ddeongwush,chercheeri,Undirected,1855,,,1
dayxu8_,homerunballcola,Undirected,1856,,,1
dat00slove,kerelllen,Undirected,1857,,,1
darqolate,lovestozad,Undirected,1858,,,1
darknessfourr,flyingkucing,Undirected,1859,,,1
d1nosauruss,nuancesize,Undirected,1860,,,1
d1nosauruss,kookstillbby,Undirected,1861,,,1
d1nosauruss,gamissorban,Undirected,1862,,,1
cucudokja,andalasfess,Undirected,1863,,,1
crynindenyt,ooreki_,Undirected,1864,,,1
crit_effect,_pixlsugr,Undirected,1865,,,1
definitelybila,caramelleah,Undirected,1866,,,1
deluziee,xxnabilaaz,Undirected,1867,,,1
doychanna,pcychnyeoll,Undirected,1868,,,1
downytigarasa,rintdou,Undirected,1869,,,1
djunaxxy,mabngo,Undirected,1870,,,1
divlagibelajar,rarambis,Undirected,1871,,,1
diterimafkui,minewithmine,Undirected,1872,,,1
diritwit,moonwisherx_,Undirected,1873,,,1
am0licano,jaeminnuaing,Undirected,1874,,,1
alyawkwkwk,afaqihaa_,Undirected,1875,,,1
alvinbaj,iwuffyouuuuu,Undirected,1876,,,1
alvinbaj,babyavocuddle,Undirected,1877,,,1
alvernim,richslacker,Undirected,1878,,,1
alletsacc,luckeenreech,Undirected,1879,,,1
aliyyonggs,kalkulus1a,Undirected,1880,,,1
alfanda_14,dowoonderfull,Undirected,1881,,,1
akuuuuuuily,vychologist,Undirected,1882,,,1
akutaurifky,luvinfaisy,Undirected,1883,,,1
akusyngdoraemon,cocooteee,Undirected,1884,,,1
ajustforanya,makeuvilm,Undirected,1885,,,1
ambiskuu,hmzhfzn,Undirected,1886,,,1
ambisliciouss,humancarrot_,Undirected,1887,,,1
anggitarchive,momonih,Undirected,1888,,,1
andez_c_f,partaisocmed,Undirected,1889,,,1
amourksw,h9o3n,Undirected,1890,,,1
ambverss,likamarkeu,Undirected,1891,,,1
ambverss,jisoooap,Undirected,1892,,,1
ambverss,devliaon,Undirected,1893,,,1
ambverss,chanshuh,Undirected,1894,,,1
ambizeee,http4le,Undirected,1895,,,1
ajelyabavissa,yoripioangln_,Undirected,1896,,,1
aj3_n0,errichoco,Undirected,1897,,,1
aishksoodo,ddaekhyunsooxz,Undirected,1898,,,1
aamiinpsikologi,willbeokay22,Undirected,1899,,,1
_sellaturcica_,hikmamen,Undirected,1900,,,1
_nocturnalism,goldenmilestone,Undirected,1901,,,1
_lunar25_,curlytaetae,Undirected,1902,,,1
_karashaa,knjsbrain,Undirected,1903,,,1
_clarastorm_,aufambis,Undirected,1904,,,1
_am4x_,malecca,Undirected,1905,,,1
__virago__,namseinugu,Undirected,1906,,,1
2022akpol,bilasukabelajar,Undirected,1907,,,1
1999chyunsuk,hjwntbe4,Undirected,1908,,,1
17o74,chzyfrap,Undirected,1909,,,1
abcdefglsya,dontfhanique,Undirected,1910,,,1
aimamamia,ibubaubiskuit,Undirected,1911,,,1
ailuvmaself_,imcookiess,Undirected,1912,,,1
ahmadhafidzs,dark_sky_walker,Undirected,1913,,,1
aguskusuma110,wicaksanaas,Undirected,1914,,,1
aguskusuma110,anakibubapak2,Undirected,1915,,,1
agismaulana_,hhhhhaikamu,Undirected,1916,,,1
afnesfisnanda3,fagyumi,Undirected,1917,,,1
adoremiyas,dainchou,Undirected,1918,,,1
adoracale,cipuyh,Undirected,1919,,,1
adeoxxtxs,parisuburbs,Undirected,1920,,,1
adaicaa,berjualanfess,Undirected,1921,,,1
achmadfajar_p,nuhisiryi,Undirected,1922,,,1
abilambis,syifakyung,Undirected,1923,,,1
syifakyung,hiiksoona,Undirected,1924,,,1
syifakyung,heartlinecity,Undirected,1925,,,1
baekhyvna,jaewkids,Undirected,1926,,,1
bibblefly,shlghtsun,Undirected,1927,,,1
berusahangambis,vithzee,Undirected,1928,,,1
berprosess_,itsmechelllllll,Undirected,1929,,,1
itsmechelllllll,belajardong_,Undirected,1930,,,1
believinmine,itsmekirena,Undirected,1931,,,1
bekasisupremacy,r4bbiiit,Undirected,1932,,,1
r4bbiiit,bas0goreng,Undirected,1933,,,1
r4bbiiit,banqkrut,Undirected,1934,,,1
r4bbiiit,b0kepindo,Undirected,1935,,,1
begatdang,zenutella,Undirected,1936,,,1
beetchytrinity,rasberia,Undirected,1937,,,1
bealajar,felstudypage,Undirected,1938,,,1
bbangmintonn,jihyeongsanim,Undirected,1939,,,1
bangtanlves,taekooksmochie,Undirected,1940,,,1
banaspatidingin,aammmmaarrrr,Undirected,1941,,,1
bamtory2,akukarmaloh,Undirected,1942,,,1
baestudyy,jaeminstudy,Undirected,1943,,,1
jaeminstudy,malkiesty,Undirected,1944,,,1
bigwinnkuy,ezclipzieee,Undirected,1945,,,1
blueshintarou,sunnshinw,Undirected,1946,,,1
bnauree,gabysatidur,Undirected,1947,,,1
bnauree,asyaralanyar,Undirected,1948,,,1
blxndthematcha,winterpocas,Undirected,1949,,,1
bluveriz,suckspears,Undirected,1950,,,1
blueyezyz,honeylitdafire,Undirected,1951,,,1
billie__sky,mabauiaamiin,Undirected,1952,,,1
blacksweetieezz,rnalsr,Undirected,1953,,,1
biskuitimtam,zenius14,Undirected,1954,,,1
biokatalis,himmelunderde_,Undirected,1955,,,1
bintanngggaja,xcreddkanaartha,Undirected,1956,,,1
baekieexohyun77,__wulwiddd,Undirected,1957,,,1
badp3ople,duniadatar,Undirected,1958,,,1
badp3ople,aracarbonaraa,Undirected,1959,,,1
astheroidss,koebisik,Undirected,1960,,,1
artlerto,soumetsuu,Undirected,1961,,,1
arnggives,aishaviadini,Undirected,1962,,,1
arkxnk,miniematrix,Undirected,1963,,,1
archiena_,kimdokjaist,Undirected,1964,,,1
aourly,lecbah,Undirected,1965,,,1
babigurlsss,sayaadatugas,Undirected,1966,,,1
azwastuds,ulinnastudycrnr,Undirected,1967,,,1
ayukawaifu,kontoreuu,Undirected,1968,,,1
awrllll,studybooster1,Undirected,1969,,,1
awjaybcutie,monobuns,Undirected,1970,,,1
awcitrun,hineptunus,Undirected,1971,,,1
awcitrun,alehaleeee,Undirected,1972,,,1
avarialeh,mikacaackerman,Undirected,1973,,,1
jqblay,isnturfauit,Undirected,1974,,,1
joonnyoung,pattraonite,Undirected,1975,,,1
joonnyoung,mseoia,Undirected,1976,,,1
jollymarkjaem,kinderrry,Undirected,1977,,,1
jlopeu,markiet__t,Undirected,1978,,,1
jjwimim,eazypol,Undirected,1979,,,1
jiwoonstudy,jjeonsbae_,Undirected,1980,,,1
jinnymine,ndess_5,Undirected,1981,,,1
jihanbelva,scftsmiley__,Undirected,1982,,,1
jiebutterflies,thingaboutsa,Undirected,1983,,,1
jessiediary_,sppacg,Undirected,1984,,,1
jeramimemanggil,iiidih,Undirected,1985,,,1
junggjaejhyun,beianjafess,Undirected,1986,,,1
kenapagitudeh,iamgoodg1rl,Undirected,1987,,,1
kejuloml,mandaredvlvt,Undirected,1988,,,1
kdoydoyi,scalliyn,Undirected,1989,,,1
kceshi,sangjaei,Undirected,1990,,,1
sangjaei,kindwly,Undirected,1991,,,1
kayibek,meanie614,Undirected,1992,,,1
kaleiea,laravonne,Undirected,1993,,,1
kadalbuntunc,ilhmtqn,Undirected,1994,,,1
k4naworld,primizzyy,Undirected,1995,,,1
justnormalgurll,rohaehaa,Undirected,1996,,,1
justclaiee2,kookiesnminily,Undirected,1997,,,1
junnidette,bedakbaby_,Undirected,1998,,,1
jenmarkcart,jeongyunoaddict,Undirected,1999,,,1
isnaeni_alya,utbkuy1,Undirected,2000,,,1
irdaeliana,an0therplace7,Undirected,2001,,,1
insdomie,cocoaaddict01,Undirected,2002,,,1
inisambataqis,bbkjhy,Undirected,2003,,,1
iniakunaje,angspa,Undirected,2004,,,1
indsane96,supermari00_,Undirected,2005,,,1
incesea,jihanpratikaaa,Undirected,2006,,,1
itswinz,parktaee_,Undirected,2007,,,1
jenggalafana,teenagedimplezx,Undirected,2008,,,1
jelazkrana,galliardapaapa,Undirected,2009,,,1
jejeletoy,ariesstudies,Undirected,2010,,,1
jbunhyeok,yeseoie,Undirected,2011,,,1
jaywonns,jjwonpark,Undirected,2012,,,1
jaemysunshine,treasuremenfess,Undirected,2013,,,1
ivbluesky,urmarkly,Undirected,2014,,,1
itzyjuliia,froum_youngk,Undirected,2015,,,1
itzmintzly,banjavenue,Undirected,2016,,,1
keqingcult,tarodikulkas,Undirected,2017,,,1
kertaswangsit,iceeblue_,Undirected,2018,,,1
liyoen_,nunanyawoojin,Undirected,2019,,,1
lisambis,laperdh,Undirected,2020,,,1
lisacaper,zafranalts,Undirected,2021,,,1
lightfu17,asteroid524,Undirected,2022,,,1
lightfu17,arulertx,Undirected,2023,,,1
libr4tz,tragific,Undirected,2024,,,1
letsgooougm,cochoreo,Undirected,2025,,,1
leaveff,lampungbase,Undirected,2026,,,1
learnisfun_,cavendishclark,Undirected,2027,,,1
laylimsrh,anadisana,Undirected,2028,,,1
lawcobaambis,apatisx,Undirected,2029,,,1
lavendercrushed,gxjeias,Undirected,2030,,,1
lvckicst,dah____________,Undirected,2031,,,1
luwakarabika,laladanella,Undirected,2032,,,1
lucutehere,xxeurekaa,Undirected,2033,,,1
lucaisya,lenharuuu,Undirected,2034,,,1
ltyruby,jonginidoie,Undirected,2035,,,1
lopyumath,diiyourbae_,Undirected,2036,,,1
loiddholpinle,ratoostudy,Undirected,2037,,,1
loeys00,fleurlvyn,Undirected,2038,,,1
loeychinguuuuu,callafleurs,Undirected,2039,,,1
kistude,writepng,Undirected,2040,,,1
kirapiee,saturddate,Undirected,2041,,,1
kimtaejin31,twitims,Undirected,2042,,,1
kimniseo,ikimlp,Undirected,2043,,,1
kimjuncotton_o,amnbisius,Undirected,2044,,,1
kimgayooo,seenteaaa,Undirected,2045,,,1
kharmelllya,alreadyxync,Undirected,2046,,,1
khaistudy,tamakisse,Undirected,2047,,,1
khadjhz,sgrjjsbdakka,Undirected,2048,,,1
kittychart,ingenuze,Undirected,2049,,,1
lakoneaku,allhailtakashi,Undirected,2050,,,1
lagihbelajar,peoasus,Undirected,2051,,,1
lagihbelajar,iightmiles,Undirected,2052,,,1
l0vchemist,chocooxz,Undirected,2053,,,1
kyralacs,nadhputrii,Undirected,2054,,,1
ky0dxpcc,alscheift,Undirected,2055,,,1
kudaranay,genshinlokal,Undirected,2056,,,1
kuacipilihan,bakpiaww,Undirected,2057,,,1
kstoedy,fairiemind,Undirected,2058,,,1
imndinn,dripmonger,Undirected,2059,,,1
gracefulei,aternusty,Undirected,2060,,,1
glxysea,ambisvinn,Undirected,2061,,,1
glazeud,jinwooeyesmile,Undirected,2062,,,1
gladlynaya,moonareas,Undirected,2063,,,1
moonareas,haurucastle,Undirected,2064,,,1
gksward23,navielbloom,Undirected,2065,,,1
gitarisbonjovi,aquayan_,Undirected,2066,,,1
gausahtauuuuuuu,ordinatabsis,Undirected,2067,,,1
grecszeb,rachappy_,Undirected,2068,,,1
gresnolimit,hneeep,Undirected,2069,,,1
halloakuester,sal_xzn,Undirected,2070,,,1
haevchanii,txtdarihunter,Undirected,2071,,,1
haechii_fullsun,hechanbni,Undirected,2072,,,1
hadeuh47934950,patriciashaniaa,Undirected,2073,,,1
gyuravity,acahikun,Undirected,2074,,,1
gyehunssi,eunhwilo,Undirected,2075,,,1
guojiia,chwlejisngy,Undirected,2076,,,1
guniepie,jumclal,Undirected,2077,,,1
flurrybabykim,salsblx,Undirected,2078,,,1
fluffyflurri,neospasie,Undirected,2079,,,1
floo_shr,its_me_yayaa,Undirected,2080,,,1
fidwinaxx,emangcuek,Undirected,2081,,,1
fenori_,strawberiessky,Undirected,2082,,,1
feniifs,aangleaw,Undirected,2083,,,1
feeldone999,pockyaddictttt,Undirected,2084,,,1
fauntalism,gumbearie,Undirected,2085,,,1
fattiebelly,maurienau,Undirected,2086,,,1
forfuture06,akunambis21,Undirected,2087,,,1
forfuture06,gitasnowy,Undirected,2088,,,1
forfuture06,taufiqr823,Undirected,2089,,,1
fuwajournal,__ther3sa,Undirected,2090,,,1
gabolehgagal,piikiiuu,Undirected,2091,,,1
hjsl0ve,flowwlinn,Undirected,2092,,,1
friedricelogy,pinginpunyaduit,Undirected,2093,,,1
friedricelogy,caramelleizz,Undirected,2094,,,1
frenchchuba,lananiole,Undirected,2095,,,1
han_1627,kyaaact,Undirected,2096,,,1
hotiecutiee,jzzxlyn,Undirected,2097,,,1
ilynjdo,dinaraw4,Undirected,2098,,,1
ilvlayan,rantnyarara,Undirected,2099,,,1
iluvvstrawberry,kidcozygirlz,Undirected,2100,,,1
ikannncupang,elucuu,Undirected,2101,,,1
ignaciamelvina,erpan1827,Undirected,2102,,,1
icykeei,nishin0yayu,Undirected,2103,,,1
huffgryff,ayurls,Undirected,2104,,,1
iceamericaan0,youthaddict48,Undirected,2105,,,1
ice_elzzaa,iunaticofeliz,Undirected,2106,,,1
icannn___,shabrinafg__,Undirected,2107,,,1
ibobm,ericxtbz,Undirected,2108,,,1
hemistudy,kk4mjong,Undirected,2109,,,1
helmiakbars,rraflid,Undirected,2110,,,1
heepnoticc,heaveniki,Undirected,2111,,,1
hayukyass,deyngambis,Undirected,2112,,,1
hataraca,gistudees,Undirected,2113,,,1
haqueensa,balbalapasi,Undirected,2114,,,1
hapxbogummy,rafiabdulaziz_,Undirected,2115,,,1
hijiheon,juyeoqn,Undirected,2116,,,1
hijiheon,leejuyneo,Undirected,2117,,,1
hijiheon,soojain,Undirected,2118,,,1
hoezxvirgo,denmanly,Undirected,2119,,,1
hngrenjun__,tkmwe2wkcbytzlv,Undirected,2120,,,1
hilmiluthfi_,flammable__,Undirected,2121,,,1
zxcvopw,akutehbulan,Undirected,2122,,,1
